group,arm,case,N,D,T,seconds_per_source,cleared,travel,measure,switch,clear_success,clear_failure
I,v5,d01_r00,13,1,4992.882702,384.06790015384615,13,288.91405413891357,74.61538461538461,13.692307692307692,5.0,1.8461538461538463
I,simplified,d01_r00,13,1,4977.863213,382.9125548461538,13,287.7587087592188,74.61538461538461,13.692307692307692,5.0,1.8461538461538463
I,combined,d01_r00,13,1,4970.140026,382.3184635384615,13,287.16461744830275,74.61538461538461,13.692307692307692,5.0,1.8461538461538463
I,v5,d02_r00,13,2,4970.186868,382.32206676923073,13,285.3220666086157,76.53846153846153,14.076923076923077,5.0,1.3846153846153846
I,simplified,d02_r00,13,2,4964.72621,381.90201615384615,13,284.9020160136286,76.53846153846153,14.076923076923077,5.0,1.3846153846153846
I,combined,d02_r00,13,2,4926.843205,378.98793884615384,13,281.987938899173,76.53846153846153,14.076923076923077,5.0,1.3846153846153846
I,v5,d03_r00,13,3,5392.636054,414.818158,13,304.20277344972465,88.46153846153847,15.76923076923077,5.0,1.3846153846153846
I,simplified,d03_r00,13,3,5525.759793,425.05844561538464,13,298.9045994358703,101.15384615384616,18.384615384615383,5.0,1.6153846153846154
I,combined,d03_r00,13,3,5514.200655,424.1692811538461,13,298.0154349362882,101.15384615384616,18.384615384615383,5.0,1.6153846153846154
I,v5,d04_r00,13,4,5208.739809,400.67229299999997,13,302.05690842071476,77.6923076923077,14.307692307692308,5.0,1.6153846153846154
I,simplified,d04_r00,13,4,5163.394605,397.1842003846154,13,299.72266180919127,77.3076923076923,14.23076923076923,5.0,0.9230769230769231
I,combined,d04_r00,13,4,5158.777207,396.82901592307695,13,299.3674773804902,77.3076923076923,14.23076923076923,5.0,0.9230769230769231
I,v5,d05_r00,13,5,5070.184646,390.0142035384615,13,295.9372804659458,73.84615384615384,13.615384615384615,5.0,1.6153846153846154
I,simplified,d05_r00,13,5,5070.184646,390.0142035384615,13,295.9372804659458,73.84615384615384,13.615384615384615,5.0,1.6153846153846154
I,combined,d05_r00,13,5,5059.416284,389.18586799999997,13,294.9550985233183,74.23076923076923,13.615384615384615,5.0,1.3846153846153846
I,v5,d06_r00,13,6,5546.799953,426.67691946153843,13,320.215380923619,85.0,15.538461538461538,5.0,0.9230769230769231
I,simplified,d06_r00,13,6,5519.472839,424.5748337692308,13,317.88252598537554,85.0,15.538461538461538,5.0,1.1538461538461537
I,combined,d06_r00,13,6,5505.876744,423.52898030769234,13,316.83667248153426,85.0,15.538461538461538,5.0,1.1538461538461537
I,v5,d07_r00,13,7,5599.611335,430.7393334615384,13,326.89317971491374,81.15384615384616,14.923076923076923,5.0,2.769230769230769
I,simplified,d07_r00,13,7,5471.106108,420.854316,13,319.008162137201,80.0,14.76923076923077,5.0,2.076923076923077
I,combined,d07_r00,13,7,5464.370009,420.3361545384615,13,318.49000056770734,80.0,14.76923076923077,5.0,2.076923076923077
I,v5,d08_r00,13,8,5544.895101,426.53039238461537,13,324.6842386917158,81.15384615384616,15.0,5.0,0.6923076923076923
I,simplified,d08_r00,13,8,5499.963847,423.07414207692307,13,321.9202960826199,80.76923076923077,14.923076923076923,5.0,0.46153846153846156
I,combined,d08_r00,13,8,5495.497886,422.7306066153846,13,321.5767605654003,80.76923076923077,14.923076923076923,5.0,0.46153846153846156
I,v5,d09_r00,13,9,5219.446434,401.49587953846157,13,301.9574180737422,79.23076923076923,14.384615384615385,5.0,0.9230769230769231
I,simplified,d09_r00,13,9,5190.438397,399.2644920769231,13,299.95679984044466,79.23076923076923,14.384615384615385,5.0,0.6923076923076923
I,combined,d09_r00,13,9,5184.407353,398.8005656153846,13,299.49287338920595,79.23076923076923,14.384615384615385,5.0,0.6923076923076923
I,v5,d10_r00,13,10,5588.408062,429.8775432307693,13,327.2621585000537,81.53846153846153,14.923076923076923,5.0,1.1538461538461537
I,simplified,d10_r00,13,10,5576.094096,428.9303150769231,13,326.31493041857664,81.53846153846153,14.923076923076923,5.0,1.1538461538461537
I,combined,d10_r00,13,10,5570.733557,428.5179659230769,13,325.9025813223568,81.53846153846153,14.923076923076923,5.0,1.1538461538461537
I,v5,d11_r00,13,11,5345.55994,411.1969184615385,13,304.88922623932314,85.0,15.615384615384615,5.0,0.6923076923076923
I,simplified,d11_r00,13,11,5368.876974,412.99053646153845,13,300.7597675299425,90.0,16.53846153846154,5.0,0.6923076923076923
I,combined,d11_r00,13,11,5340.198966,410.78453584615386,13,298.5537667463305,90.0,16.53846153846154,5.0,0.6923076923076923
I,v5,d12_r00,13,12,5642.179567,434.0138128461539,13,319.7061206545246,91.15384615384616,16.76923076923077,5.0,1.3846153846153846
I,simplified,d12_r00,13,12,5638.242327,433.71094823076925,13,319.1724867987148,91.15384615384616,16.76923076923077,5.0,1.6153846153846154
I,combined,d12_r00,13,12,5637.163903,433.6279925384615,13,319.0895310863832,91.15384615384616,16.76923076923077,5.0,1.6153846153846154
I,v5,d13_r00,13,13,5398.073791,415.23644546153844,13,308.85182985977883,84.23076923076923,15.538461538461538,5.0,1.6153846153846154
I,simplified,d13_r00,13,13,5366.095822,412.77660169230774,13,309.00737090484705,83.07692307692308,15.23076923076923,5.0,0.46153846153846156
I,combined,d13_r00,13,13,5331.44079,410.11082999999996,13,306.34159935453215,83.07692307692308,15.23076923076923,5.0,0.46153846153846156
I,v5,d01_r01,13,1,5024.126619,386.47127838461535,13,293.3174321544859,73.07692307692308,13.461538461538462,5.0,1.6153846153846154
I,simplified,d01_r01,13,1,5024.126619,386.47127838461535,13,293.3174321544859,73.07692307692308,13.461538461538462,5.0,1.6153846153846154
I,combined,d01_r01,13,1,5001.195433,384.707341,13,291.55349479532873,73.07692307692308,13.461538461538462,5.0,1.6153846153846154
I,v5,d02_r01,13,2,5141.921932,395.5324563076923,13,298.8401487916335,75.0,13.692307692307692,5.0,3.0
I,simplified,d02_r01,13,2,5141.921932,395.5324563076923,13,298.8401487916335,75.0,13.692307692307692,5.0,3.0
I,combined,d02_r01,13,2,5131.139044,394.70300338461533,13,298.01069594063233,75.0,13.692307692307692,5.0,3.0
I,v5,d03_r01,13,3,5391.299928,414.7153790769231,13,308.407686382372,85.38461538461539,15.692307692307692,5.0,0.23076923076923078
I,simplified,d03_r01,13,3,5362.349681,412.488437,13,306.1807442385365,85.38461538461539,15.692307692307692,5.0,0.23076923076923078
I,combined,d03_r01,13,3,5345.683149,411.2063960769231,13,304.5140883735838,85.38461538461539,15.615384615384615,5.0,0.6923076923076923
I,v5,d04_r01,13,4,5176.510017,398.1930782307692,13,299.96230894302965,77.3076923076923,14.307692307692308,5.0,1.6153846153846154
I,simplified,d04_r01,13,4,5177.697186,398.28439892307694,13,299.1305527797394,77.6923076923077,14.384615384615385,5.0,2.076923076923077
I,combined,d04_r01,13,4,5173.249142,397.9422416923077,13,298.7883955693906,77.6923076923077,14.384615384615385,5.0,2.076923076923077
I,v5,d05_r01,13,5,5018.791208,386.06086215384613,13,292.1377857362512,75.0,13.461538461538462,5.0,0.46153846153846156
I,simplified,d05_r01,13,5,5029.67198,386.8978446153846,13,292.97476809730574,75.0,13.461538461538462,5.0,0.46153846153846156
I,combined,d05_r01,13,5,5028.597158,386.815166,13,292.892089454646,75.0,13.461538461538462,5.0,0.46153846153846156
I,v5,d06_r01,13,6,5340.894459,410.83803530769234,13,307.14572779189956,82.3076923076923,15.23076923076923,5.0,1.1538461538461537
I,simplified,d06_r01,13,6,5471.040495,420.84926884615385,13,311.7723457922987,85.76923076923077,16.0,5.0,2.3076923076923075
I,combined,d06_r01,13,6,5334.310776,410.3315981538462,13,306.63929059751086,82.3076923076923,15.23076923076923,5.0,1.1538461538461537
I,v5,d07_r01,13,7,5546.922609,426.68635453846156,13,315.07097000616255,89.61538461538461,16.53846153846154,5.0,0.46153846153846156
I,simplified,d07_r01,13,7,5531.095639,425.4688953076923,13,313.853510797783,89.61538461538461,16.53846153846154,5.0,0.46153846153846156
I,combined,d07_r01,13,7,5529.433511,425.3410393076923,13,313.7256547657826,89.61538461538461,16.53846153846154,5.0,0.46153846153846156
I,v5,d08_r01,13,8,5150.982976,396.2294596923077,13,290.075613449498,84.61538461538461,15.384615384615385,5.0,1.1538461538461537
I,simplified,d08_r01,13,8,5123.077142,394.08285707692306,13,287.92901079198595,84.61538461538461,15.384615384615385,5.0,1.1538461538461537
I,combined,d08_r01,13,8,5112.273688,393.25182215384615,13,287.0979760980452,84.61538461538461,15.384615384615385,5.0,1.1538461538461537
I,v5,d09_r01,13,9,5751.632531,442.4332716153846,13,321.74096399426884,97.3076923076923,18.153846153846153,5.0,0.23076923076923078
I,simplified,d09_r01,13,9,5747.543168,442.11870523076925,13,321.19562842861734,97.3076923076923,18.153846153846153,5.0,0.46153846153846156
I,combined,d09_r01,13,9,5742.087724,441.6990556923077,13,320.7759788974138,97.3076923076923,18.153846153846153,5.0,0.46153846153846156
I,v5,d10_r01,13,10,5593.420056,430.2630812307692,13,323.1861581638047,85.0,15.692307692307692,5.0,1.3846153846153846
I,simplified,d10_r01,13,10,5593.420056,430.2630812307692,13,323.1861581638047,85.0,15.692307692307692,5.0,1.3846153846153846
I,combined,d10_r01,13,10,5461.211278,420.0931752307692,13,316.6316364905163,82.3076923076923,15.23076923076923,5.0,0.9230769230769231
I,v5,d11_r01,13,11,5609.644113,431.5110856153846,13,304.6649318641801,101.53846153846153,19.153846153846153,5.0,1.1538461538461537
I,simplified,d11_r01,13,11,5583.985863,429.5373740769231,13,302.6912202282178,101.53846153846153,19.153846153846153,5.0,1.1538461538461537
I,combined,d11_r01,13,11,5578.262801,429.09713853846154,13,302.2509846261982,101.53846153846153,19.153846153846153,5.0,1.1538461538461537
I,v5,d12_r01,13,12,5395.286852,415.02206553846156,13,299.4836037225631,91.53846153846153,16.923076923076923,5.0,2.076923076923077
I,simplified,d12_r01,13,12,5470.955491,420.84273007692303,13,304.53503749083177,92.3076923076923,16.923076923076923,5.0,2.076923076923077
I,combined,d12_r01,13,12,5467.534348,420.5795652307692,13,304.27187274026164,92.3076923076923,16.923076923076923,5.0,2.076923076923077
I,v5,d13_r01,13,13,5903.100006,454.08461584615384,13,315.5461542868747,111.92307692307692,20.692307692307693,5.0,0.9230769230769231
I,simplified,d13_r01,13,13,5853.747975,450.28830576923076,13,311.7498441143164,111.92307692307692,20.692307692307693,5.0,0.9230769230769231
I,combined,d13_r01,13,13,5847.024236,449.7710950769231,13,311.23263334980413,111.92307692307692,20.692307692307693,5.0,0.9230769230769231
I,v5,d01_r02,13,1,5034.637574,387.2798133846154,13,286.4336592648714,80.38461538461539,14.538461538461538,5.0,0.9230769230769231
I,simplified,d01_r02,13,1,5190.356445,399.2581880769231,13,300.48895732380015,78.84615384615384,14.23076923076923,5.0,0.6923076923076923
I,combined,d01_r02,13,1,5188.591137,399.1223951538462,13,300.35316451148043,78.84615384615384,14.23076923076923,5.0,0.6923076923076923
I,v5,d02_r02,13,2,4938.598043,379.89215715384614,13,291.50754196267985,69.61538461538461,12.615384615384615,5.0,1.1538461538461537
I,simplified,d02_r02,13,2,4950.15553,380.7811946153846,13,292.3965794737627,69.61538461538461,12.615384615384615,5.0,1.1538461538461537
I,combined,d02_r02,13,2,4944.475887,380.344299,13,291.959683924687,69.61538461538461,12.615384615384615,5.0,1.1538461538461537
I,v5,d03_r02,13,3,5006.835994,385.1412303076923,13,297.9104612257525,68.84615384615384,12.23076923076923,5.0,1.1538461538461537
I,simplified,d03_r02,13,3,5006.835994,385.1412303076923,13,297.9104612257525,68.84615384615384,12.23076923076923,5.0,1.1538461538461537
I,combined,d03_r02,13,3,4992.001849,384.00014223076926,13,296.76937316923505,68.84615384615384,12.23076923076923,5.0,1.1538461538461537
I,v5,d04_r02,13,4,5127.652494,394.43480723076925,13,303.8963459366064,71.15384615384616,13.0,5.0,1.3846153846153846
I,simplified,d04_r02,13,4,5127.652494,394.43480723076925,13,303.8963459366064,71.15384615384616,13.0,5.0,1.3846153846153846
I,combined,d04_r02,13,4,5109.402152,393.0309347692307,13,302.49247334699925,71.15384615384616,13.0,5.0,1.3846153846153846
I,v5,d05_r02,13,5,5303.334483,407.94880638461535,13,296.5641909752752,88.84615384615384,16.384615384615383,5.0,1.1538461538461537
I,simplified,d05_r02,13,5,5558.056103,427.54277715384615,13,303.0812386557038,100.38461538461539,18.846153846153847,5.0,0.23076923076923078
I,combined,d05_r02,13,5,5557.384097,427.4910843846154,13,303.0295458726842,100.38461538461539,18.846153846153847,5.0,0.23076923076923078
I,v5,d06_r02,13,6,5258.936068,404.5335436923077,13,310.2258513549528,74.23076923076923,13.461538461538462,5.0,1.6153846153846154
I,simplified,d06_r02,13,6,5238.747542,402.9805801538462,13,308.67288781349896,74.23076923076923,13.461538461538462,5.0,1.6153846153846154
I,combined,d06_r02,13,6,5229.97223,402.30555615384617,13,307.9978638813927,74.23076923076923,13.461538461538462,5.0,1.6153846153846154
I,v5,d07_r02,13,7,5385.646226,414.2804789230769,13,300.7420174018325,90.76923076923077,16.846153846153847,5.0,0.9230769230769231
I,simplified,d07_r02,13,7,5385.646226,414.2804789230769,13,300.7420174018325,90.76923076923077,16.846153846153847,5.0,0.9230769230769231
I,combined,d07_r02,13,7,5376.478112,413.5752393846154,13,300.03677782934244,90.76923076923077,16.846153846153847,5.0,0.9230769230769231
I,v5,d08_r02,13,8,5359.343161,412.2571662307692,13,291.87255087174987,95.76923076923077,18.0,5.0,1.6153846153846154
I,simplified,d08_r02,13,8,5300.630573,407.74081330769235,13,287.3561978253216,95.76923076923077,18.0,5.0,1.6153846153846154
I,combined,d08_r02,13,8,5293.600012,407.2000009230769,13,286.81538544765584,95.76923076923077,18.0,5.0,1.6153846153846154
I,v5,d09_r02,13,9,5571.021261,428.540097,13,317.92471242472686,88.84615384615384,16.307692307692307,5.0,0.46153846153846156
I,simplified,d09_r02,13,9,5524.987515,424.9990396153846,13,314.38365505959473,88.84615384615384,16.307692307692307,5.0,0.46153846153846156
I,combined,d09_r02,13,9,5516.776777,424.3674443846154,13,313.75205976097783,88.84615384615384,16.307692307692307,5.0,0.46153846153846156
I,v5,d10_r02,13,10,5718.488372,439.8837209230769,13,323.4991053809484,93.84615384615384,17.076923076923077,5.0,0.46153846153846156
I,simplified,d10_r02,13,10,5717.352461,439.7963431538462,13,324.1040352495445,93.46153846153847,17.0,5.0,0.23076923076923078
I,combined,d10_r02,13,10,5712.901498,439.4539613846154,13,323.76165347207854,93.46153846153847,17.0,5.0,0.23076923076923078
I,v5,d11_r02,13,11,5568.074044,428.313388,13,311.3133881108393,93.07692307692308,17.307692307692307,5.0,1.6153846153846154
I,simplified,d11_r02,13,11,5546.728135,426.671395,13,309.67139508949697,93.07692307692308,17.307692307692307,5.0,1.6153846153846154
I,combined,d11_r02,13,11,5528.57235,425.2747961538462,13,308.27479618654985,93.07692307692308,17.307692307692307,5.0,1.6153846153846154
I,v5,d12_r02,13,12,5798.042555,446.00327346153847,13,329.4648119663262,94.23076923076923,17.076923076923077,5.0,0.23076923076923078
I,simplified,d12_r02,13,12,5798.042555,446.00327346153847,13,329.4648119663262,94.23076923076923,17.076923076923077,5.0,0.23076923076923078
I,combined,d12_r02,13,12,5854.329786,450.3330604615385,13,333.02536805901843,94.61538461538461,17.23076923076923,5.0,0.46153846153846156
I,v5,d13_r02,13,13,5281.109309,406.2391776153846,13,299.239177615101,85.0,15.615384615384615,5.0,1.3846153846153846
I,simplified,d13_r02,13,13,5209.03821,400.6952469230769,13,295.07986235713076,84.23076923076923,15.461538461538462,5.0,0.9230769230769231
I,combined,d13_r02,13,13,5198.618418,399.89372446153845,13,294.2783398535261,84.23076923076923,15.461538461538462,5.0,0.9230769230769231
I,v5,d01_r03,13,1,5198.534342,399.88725707692305,13,302.8103341793364,76.92307692307692,14.0,5.0,1.1538461538461537
I,simplified,d01_r03,13,1,5163.950562,397.2269663076923,13,301.9961970624658,75.38461538461539,13.692307692307692,5.0,1.1538461538461537
I,combined,d01_r03,13,1,5160.685114,396.975778,13,301.74500880749645,75.38461538461539,13.692307692307692,5.0,1.1538461538461537
I,v5,d02_r03,13,2,5136.801481,395.1385754615385,13,287.2924216155232,86.15384615384616,16.0,5.0,0.6923076923076923
I,simplified,d02_r03,13,2,5120.744418,393.9034167692308,13,286.05726301589107,86.15384615384616,16.0,5.0,0.6923076923076923
I,combined,d02_r03,13,2,5082.429825,390.9561403846154,13,283.1099864331509,86.15384615384616,16.0,5.0,0.6923076923076923
I,v5,d03_r03,13,3,5265.609359,405.0468737692308,13,301.66225842673407,82.6923076923077,15.23076923076923,5.0,0.46153846153846156
I,simplified,d03_r03,13,3,5265.609359,405.0468737692308,13,301.66225842673407,82.6923076923077,15.23076923076923,5.0,0.46153846153846156
I,combined,d03_r03,13,3,5332.570615,410.1977396153846,13,307.50543188405265,82.3076923076923,15.153846153846153,5.0,0.23076923076923078
I,v5,d04_r03,13,4,4997.912679,384.4548214615385,13,287.76251372193633,76.92307692307692,13.846153846153847,5.0,0.9230769230769231
I,simplified,d04_r03,13,4,4887.136993,375.93361484615383,13,279.39515328097565,76.53846153846153,13.846153846153847,5.0,1.1538461538461537
I,combined,d04_r03,13,4,4884.711613,375.7470471538462,13,279.2085856582813,76.53846153846153,13.846153846153847,5.0,1.1538461538461537
I,v5,d05_r03,13,5,5171.902482,397.8386524615385,13,299.60788337928875,78.46153846153847,14.307692307692308,5.0,0.46153846153846156
I,simplified,d05_r03,13,5,5116.322074,393.56323646153845,13,296.6401596966995,77.6923076923077,14.23076923076923,5.0,0.0
I,combined,d05_r03,13,5,5105.93263,392.7640484615385,13,295.840971543179,77.6923076923077,14.23076923076923,5.0,0.0
I,v5,d06_r03,13,6,5272.31341,405.56257,13,309.71641618334627,75.38461538461539,13.846153846153847,5.0,1.6153846153846154
I,simplified,d06_r03,13,6,5256.351689,404.3347453076923,13,308.7193607067338,75.38461538461539,13.846153846153847,5.0,1.3846153846153846
I,combined,d06_r03,13,6,5246.96475,403.6126730769231,13,307.9972884929494,75.38461538461539,13.846153846153847,5.0,1.3846153846153846
I,v5,d07_r03,13,7,5004.908381,384.9929523846154,13,287.60833719484856,78.07692307692308,14.307692307692308,5.0,0.0
I,simplified,d07_r03,13,7,4996.518641,384.34758776923076,13,286.9629724889412,78.07692307692308,14.307692307692308,5.0,0.0
I,combined,d07_r03,13,7,4972.025784,382.46352184615387,13,285.07890653464017,78.07692307692308,14.307692307692308,5.0,0.0
I,v5,d08_r03,13,8,5344.671925,411.12860961538456,13,306.35937882569345,82.6923076923077,15.461538461538462,5.0,1.6153846153846154
I,simplified,d08_r03,13,8,5312.702847,408.6694497692307,13,304.90021886905384,82.3076923076923,15.307692307692308,5.0,1.1538461538461537
I,combined,d08_r03,13,8,5309.08259,408.3909684615385,13,304.62173759275726,82.3076923076923,15.307692307692308,5.0,1.1538461538461537
I,v5,d09_r03,13,9,5350.25167,411.5578207692307,13,305.01935924230645,85.0,15.615384615384615,5.0,0.9230769230769231
I,simplified,d09_r03,13,9,5300.925373,407.7634902307692,13,301.2250288314412,85.0,15.615384615384615,5.0,0.9230769230769231
I,combined,d09_r03,13,9,5281.575547,406.2750420769231,13,299.7365806165524,85.0,15.615384615384615,5.0,0.9230769230769231
I,v5,d10_r03,13,10,5852.463284,450.1894833846154,13,323.42025279753426,100.76923076923077,18.692307692307693,5.0,2.3076923076923075
I,simplified,d10_r03,13,10,5905.51101,454.2700776923077,13,328.11623161729096,100.76923076923077,18.53846153846154,5.0,1.8461538461538463
I,combined,d10_r03,13,10,5904.097647,454.16135746153844,13,327.8536651825476,101.15384615384616,18.53846153846154,5.0,1.6153846153846154
I,v5,d11_r03,13,11,5440.075693,418.467361,13,305.698130195752,90.0,16.615384615384617,5.0,1.1538461538461537
I,simplified,d11_r03,13,11,5400.05632,415.3889476923077,13,302.8504861484093,90.0,16.615384615384617,5.0,0.9230769230769231
I,combined,d11_r03,13,11,5396.59282,415.1225246153846,13,302.5840628968215,90.0,16.615384615384617,5.0,0.9230769230769231
I,v5,d12_r03,13,12,5527.780469,425.21388223076923,13,308.8292667582186,93.84615384615384,17.307692307692307,5.0,0.23076923076923078
I,simplified,d12_r03,13,12,5486.855555,422.0658119230769,13,306.06581179539415,93.46153846153847,17.307692307692307,5.0,0.23076923076923078
I,combined,d12_r03,13,12,5482.170523,421.70542484615385,13,305.70542480165534,93.46153846153847,17.307692307692307,5.0,0.23076923076923078
I,v5,d13_r03,13,13,5239.355396,403.02733815384613,13,293.5657999026732,86.53846153846153,16.076923076923077,5.0,1.8461538461538463
I,simplified,d13_r03,13,13,5239.902903,403.0694540769231,13,293.60791576729196,86.53846153846153,16.076923076923077,5.0,1.8461538461538463
I,combined,d13_r03,13,13,5231.056132,402.3889332307692,13,292.6966256652107,86.53846153846153,16.076923076923077,5.0,2.076923076923077
I,v5,d01_r04,13,1,5092.428074,391.7252364615385,13,296.1867749038691,76.15384615384616,13.692307692307692,5.0,0.6923076923076923
I,simplified,d01_r04,13,1,5098.334621,392.17958623076925,13,296.6411246492002,76.15384615384616,13.692307692307692,5.0,0.6923076923076923
I,combined,d01_r04,13,1,5086.115368,391.23964369230765,13,295.7011819471238,76.15384615384616,13.692307692307692,5.0,0.6923076923076923
I,v5,d02_r04,13,2,5265.043109,405.0033160769231,13,286.31100835488036,93.84615384615384,17.53846153846154,5.0,2.3076923076923075
I,simplified,d02_r04,13,2,5241.954453,403.2272656153846,13,284.53495779879245,93.84615384615384,17.53846153846154,5.0,2.3076923076923075
I,combined,d02_r04,13,2,5210.546898,400.8112998461538,13,282.1189920714953,93.84615384615384,17.53846153846154,5.0,2.3076923076923075
I,v5,d03_r04,13,3,5136.380065,395.10615884615385,13,294.7215432898052,79.23076923076923,14.538461538461538,5.0,1.6153846153846154
I,simplified,d03_r04,13,3,5110.350356,393.1038735384615,13,292.7192580553991,79.23076923076923,14.538461538461538,5.0,1.6153846153846154
I,combined,d03_r04,13,3,5094.479839,391.8830645384615,13,291.49844899375245,79.23076923076923,14.538461538461538,5.0,1.6153846153846154
I,v5,d04_r04,13,4,5120.909946,393.91614969230767,13,303.1469187984719,71.92307692307692,12.923076923076923,5.0,0.9230769230769231
I,simplified,d04_r04,13,4,5071.140226,390.0877096923077,13,300.0877096787975,71.15384615384616,12.923076923076923,5.0,0.9230769230769231
I,combined,d04_r04,13,4,5051.357684,388.5659756923077,13,298.5659757094858,71.15384615384616,12.923076923076923,5.0,0.9230769230769231
I,v5,d05_r04,13,5,5351.122321,411.62479392307694,13,298.00940909974645,89.61538461538461,16.692307692307693,5.0,2.3076923076923075
I,simplified,d05_r04,13,5,5360.854506,412.3734235384615,13,297.8349618578261,90.0,16.76923076923077,5.0,2.769230769230769
I,combined,d05_r04,13,5,5340.000188,410.76924523076923,13,296.230783589529,90.0,16.76923076923077,5.0,2.769230769230769
I,v5,d06_r04,13,6,5416.527274,416.6559441538462,13,308.27132913333134,85.0,15.384615384615385,5.0,3.0
I,simplified,d06_r04,13,6,5386.27119,414.32855307692313,13,306.94393806222115,84.61538461538461,15.23076923076923,5.0,2.5384615384615383
I,combined,d06_r04,13,6,5609.738382,431.51833707692305,13,322.51833725430055,86.15384615384616,15.538461538461538,5.0,2.3076923076923075
I,v5,d07_r04,13,7,5460.79398,420.06107538461544,13,309.6764598760049,87.6923076923077,16.307692307692307,5.0,1.3846153846153846
I,simplified,d07_r04,13,7,5443.564521,418.7357323846154,13,308.35111678739025,87.6923076923077,16.307692307692307,5.0,1.3846153846153846
I,combined,d07_r04,13,7,5435.790381,418.1377216153846,13,307.75310598381765,87.6923076923077,16.307692307692307,5.0,1.3846153846153846
I,v5,d08_r04,13,8,5749.126439,442.2404953076923,13,321.4712644851485,97.6923076923077,17.846153846153847,5.0,0.23076923076923078
I,simplified,d08_r04,13,8,5715.330127,439.640779,13,318.64077903846885,97.6923076923077,17.846153846153847,5.0,0.46153846153846156
I,combined,d08_r04,13,8,5709.563102,439.1971616923077,13,318.19716178447254,97.6923076923077,17.846153846153847,5.0,0.46153846153846156
I,v5,d09_r04,13,9,5097.207365,392.09287423076927,13,296.40056645808374,75.76923076923077,13.76923076923077,5.0,1.1538461538461537
I,simplified,d09_r04,13,9,5079.460291,390.7277146923077,13,295.0354070188741,75.76923076923077,13.76923076923077,5.0,1.1538461538461537
I,combined,d09_r04,13,9,5063.740333,389.51848715384614,13,293.82617939880913,75.76923076923077,13.76923076923077,5.0,1.1538461538461537
I,v5,d10_r04,13,10,5740.316428,441.5628021538462,13,333.7935712486878,85.76923076923077,15.384615384615385,5.0,1.6153846153846154
I,simplified,d10_r04,13,10,5542.658038,426.3583106153846,13,320.58907979986486,84.23076923076923,15.384615384615385,5.0,1.1538461538461537
I,combined,d10_r04,13,10,5568.282759,428.32944299999997,13,321.63713531491067,84.61538461538461,15.461538461538462,5.0,1.6153846153846154
I,v5,d11_r04,13,11,5279.343017,406.103309,13,296.71869376366067,87.6923076923077,16.0,5.0,0.6923076923076923
I,simplified,d11_r04,13,11,5213.384741,401.02959546153846,13,295.72190317224573,84.23076923076923,15.384615384615385,5.0,0.6923076923076923
I,combined,d11_r04,13,11,5192.882728,399.4525175384615,13,294.14482528921474,84.23076923076923,15.384615384615385,5.0,0.6923076923076923
I,v5,d12_r04,13,12,5320.574328,409.2749483076923,13,301.6595637053094,85.38461538461539,15.846153846153847,5.0,1.3846153846153846
I,simplified,d12_r04,13,12,5277.821896,405.98629969230774,13,298.37091509816344,85.38461538461539,15.846153846153847,5.0,1.3846153846153846
I,combined,d12_r04,13,12,5270.618864,405.4322203076923,13,297.81683569872155,85.38461538461539,15.846153846153847,5.0,1.3846153846153846
I,v5,d13_r04,13,13,5626.99349,432.84565307692304,13,327.1533454720438,84.23076923076923,15.538461538461538,5.0,0.9230769230769231
I,simplified,d13_r04,13,13,5607.894168,431.37647446153846,13,325.68416685491223,84.23076923076923,15.538461538461538,5.0,0.9230769230769231
I,combined,d13_r04,13,13,5601.78823,430.90678692307694,13,325.21447940321025,84.23076923076923,15.538461538461538,5.0,0.9230769230769231
I,v5,d01_r05,13,1,5090.402689,391.5694376153846,13,291.3386682869592,79.61538461538461,14.692307692307692,5.0,0.9230769230769231
I,simplified,d01_r05,13,1,5038.730748,387.5946729230769,13,288.363903677874,79.23076923076923,14.538461538461538,5.0,0.46153846153846156
I,combined,d01_r05,13,1,5032.437109,387.11054684615385,13,287.8797774843602,79.23076923076923,14.538461538461538,5.0,0.46153846153846156
I,v5,d02_r05,13,2,5257.852392,404.450184,13,292.52710726485657,89.23076923076923,16.53846153846154,5.0,1.1538461538461537
I,simplified,d02_r05,13,2,5191.657941,399.3583031538462,13,288.35830321056653,88.84615384615384,16.46153846153846,5.0,0.6923076923076923
I,combined,d02_r05,13,2,5182.114166,398.62416661538464,13,287.6241669333175,88.84615384615384,16.46153846153846,5.0,0.6923076923076923
I,v5,d03_r05,13,3,5178.177315,398.3213319230769,13,295.55210141715816,81.15384615384616,15.0,5.0,1.6153846153846154
I,simplified,d03_r05,13,3,5138.614327,395.27802515384616,13,292.50879459605846,81.15384615384616,15.0,5.0,1.6153846153846154
I,combined,d03_r05,13,3,5120.864883,393.9126833076923,13,291.14345278555106,81.15384615384616,15.0,5.0,1.6153846153846154
I,v5,d04_r05,13,4,5148.638552,396.04911938461544,13,298.51065801728316,76.92307692307692,14.23076923076923,5.0,1.3846153846153846
I,simplified,d04_r05,13,4,5123.829556,394.1407350769231,13,296.6022736785522,76.92307692307692,14.23076923076923,5.0,1.3846153846153846
I,combined,d04_r05,13,4,5088.652342,391.4347955384616,13,293.51171875359273,77.3076923076923,14.23076923076923,5.0,1.3846153846153846
I,v5,d05_r05,13,5,5438.617682,418.3552063076923,13,308.43212949240154,87.6923076923077,16.307692307692307,5.0,0.9230769230769231
I,simplified,d05_r05,13,5,5414.66075,416.5123653846154,13,306.5892884288483,87.6923076923077,16.307692307692307,5.0,0.9230769230769231
I,combined,d05_r05,13,5,5410.530866,416.194682,13,306.2716050640769,87.6923076923077,16.307692307692307,5.0,0.9230769230769231
I,v5,d06_r05,13,6,5200.464787,400.03575284615385,13,293.8819064404804,85.0,15.692307692307692,5.0,0.46153846153846156
I,simplified,d06_r05,13,6,5200.464787,400.03575284615385,13,293.8819064404804,85.0,15.692307692307692,5.0,0.46153846153846156
I,combined,d06_r05,13,6,5191.336418,399.3335706153846,13,293.17972420412457,85.0,15.692307692307692,5.0,0.46153846153846156
I,v5,d07_r05,13,7,5194.018258,399.539866,13,300.84755815502365,78.46153846153847,14.538461538461538,5.0,0.6923076923076923
I,simplified,d07_r05,13,7,5171.2599,397.78922307692307,13,299.0969153510548,78.46153846153847,14.538461538461538,5.0,0.6923076923076923
I,combined,d07_r05,13,7,5170.531404,397.7331849230769,13,299.0408772226311,78.46153846153847,14.538461538461538,5.0,0.6923076923076923
I,v5,d08_r05,13,8,5186.863976,398.98953661538457,13,290.1433827802488,86.92307692307692,16.0,5.0,0.9230769230769231
I,simplified,d08_r05,13,8,5175.325537,398.10196438461537,13,289.25581063448533,86.92307692307692,16.0,5.0,0.9230769230769231
I,combined,d08_r05,13,8,5154.745926,396.51891738461535,13,287.672763571556,86.92307692307692,16.0,5.0,0.9230769230769231
I,v5,d09_r05,13,9,5080.529282,390.8099447692308,13,292.4253295191241,77.6923076923077,14.307692307692308,5.0,1.3846153846153846
I,simplified,d09_r05,13,9,5048.319873,388.33229792307696,13,289.9476827415086,77.6923076923077,14.307692307692308,5.0,1.3846153846153846
I,combined,d09_r05,13,9,5041.726953,387.8251502307693,13,289.440534989398,77.6923076923077,14.307692307692308,5.0,1.3846153846153846
I,v5,d10_r05,13,10,5575.827835,428.9098334615385,13,311.3713719220762,94.23076923076923,17.615384615384617,5.0,0.6923076923076923
I,simplified,d10_r05,13,10,5575.827835,428.9098334615385,13,311.3713719220762,94.23076923076923,17.615384615384617,5.0,0.6923076923076923
I,combined,d10_r05,13,10,5563.010163,427.9238586923077,13,310.38539704580705,94.23076923076923,17.615384615384617,5.0,0.6923076923076923
I,v5,d11_r05,13,11,5465.783752,420.444904,13,307.6756732887318,90.38461538461539,16.692307692307693,5.0,0.6923076923076923
I,simplified,d11_r05,13,11,5438.023044,418.3094649230769,13,305.54023408590626,90.38461538461539,16.692307692307693,5.0,0.6923076923076923
I,combined,d11_r05,13,11,5422.40418,417.1080138461539,13,303.723398256472,90.76923076923077,16.923076923076923,5.0,0.6923076923076923
I,v5,d12_r05,13,12,5545.257041,426.5582339230769,13,325.2505419228827,79.61538461538461,14.384615384615385,5.0,2.3076923076923075
I,simplified,d12_r05,13,12,5545.257041,426.5582339230769,13,325.2505419228827,79.61538461538461,14.384615384615385,5.0,2.3076923076923075
I,combined,d12_r05,13,12,5539.255471,426.09657469230774,13,324.7888825512209,79.61538461538461,14.384615384615385,5.0,2.3076923076923075
I,v5,d13_r05,13,13,5830.423278,448.4940983076923,13,333.0325597441976,92.6923076923077,17.076923076923077,5.0,0.6923076923076923
I,simplified,d13_r05,13,13,5805.015863,446.53968176923075,13,331.5396818906655,92.6923076923077,17.076923076923077,5.0,0.23076923076923078
I,combined,d13_r05,13,13,5788.777229,445.2905560769231,13,330.29055615895425,92.6923076923077,17.076923076923077,5.0,0.23076923076923078
I,v5,d01_r06,13,1,5299.882556,407.6832735384615,13,290.83711950717367,92.3076923076923,17.23076923076923,5.0,2.3076923076923075
I,simplified,d01_r06,13,1,5243.541345,403.3493342307692,13,289.2724110354344,91.15384615384616,16.76923076923077,5.0,1.1538461538461537
I,combined,d01_r06,13,1,5215.93763,401.2259715384616,13,287.8413561413623,90.76923076923077,16.692307692307693,5.0,0.9230769230769231
I,v5,d02_r06,13,2,5173.179228,397.93686369230767,13,298.013787039664,79.23076923076923,14.538461538461538,5.0,1.1538461538461537
I,simplified,d02_r06,13,2,5144.951052,395.76546553846157,13,295.8423888300947,79.23076923076923,14.538461538461538,5.0,1.1538461538461537
I,combined,d02_r06,13,2,5139.029597,395.30996899999997,13,295.38689228510026,79.23076923076923,14.538461538461538,5.0,1.1538461538461537
I,v5,d03_r06,13,3,5315.001244,408.84624953846156,13,312.1539420738205,75.76923076923077,13.615384615384615,5.0,2.3076923076923075
I,simplified,d03_r06,13,3,5288.445503,406.8035002307692,13,310.5727311140072,75.76923076923077,13.615384615384615,5.0,1.8461538461538463
I,combined,d03_r06,13,3,5269.396288,405.338176,13,309.10740693188416,75.76923076923077,13.615384615384615,5.0,1.8461538461538463
I,v5,d04_r06,13,4,5111.635007,393.2026928461538,13,280.7411543926387,90.0,16.53846153846154,5.0,0.9230769230769231
I,simplified,d04_r06,13,4,5068.101909,389.853993,13,277.392454496274,90.0,16.53846153846154,5.0,0.9230769230769231
I,combined,d04_r06,13,4,5056.630235,388.9715565384615,13,276.5100180444853,90.0,16.53846153846154,5.0,0.9230769230769231
I,v5,d05_r06,13,5,5130.455259,394.65040453846154,13,304.11194315983033,71.15384615384616,13.0,5.0,1.3846153846153846
I,simplified,d05_r06,13,5,5245.919998,403.53230753846157,13,304.9938460404702,77.3076923076923,14.153846153846153,5.0,2.076923076923077
I,combined,d05_r06,13,5,5202.952357,400.2271043846154,13,301.688642832091,77.3076923076923,14.153846153846153,5.0,2.076923076923077
I,v5,d06_r06,13,6,5425.002435,417.30787961538465,13,313.84634114677607,81.92307692307692,14.692307692307692,5.0,1.8461538461538463
I,simplified,d06_r06,13,6,5354.360935,411.8739180769231,13,312.87391796519296,78.07692307692308,14.076923076923077,5.0,1.8461538461538463
I,combined,d06_r06,13,6,5346.676707,411.2828236153846,13,312.28282370213753,78.07692307692308,14.076923076923077,5.0,1.8461538461538463
I,v5,d07_r06,13,7,5329.866564,409.9897356923077,13,303.37435125095055,84.61538461538461,15.846153846153847,5.0,1.1538461538461537
I,simplified,d07_r06,13,7,5313.428703,408.72528484615384,13,302.34066953663495,84.61538461538461,15.846153846153847,5.0,0.9230769230769231
I,combined,d07_r06,13,7,5376.368778,413.56682907692306,13,301.95144458825393,88.84615384615384,16.615384615384617,5.0,1.1538461538461537
I,v5,d08_r06,13,8,5473.116862,421.00898938461535,13,307.93206639237366,89.23076923076923,16.53846153846154,5.0,2.3076923076923075
I,simplified,d08_r06,13,8,5481.021338,421.61702599999995,13,307.15548770725985,90.0,16.692307692307693,5.0,2.769230769230769
I,combined,d08_r06,13,8,5464.682991,420.3602300769231,13,305.5140763627711,90.38461538461539,16.692307692307693,5.0,2.769230769230769
I,v5,d09_r06,13,9,5617.95616,432.15047384615383,13,295.91970437555517,110.76923076923077,20.46153846153846,5.0,0.0
I,simplified,d09_r06,13,9,5575.593024,428.8917710769231,13,292.661001575493,110.76923076923077,20.46153846153846,5.0,0.0
I,combined,d09_r06,13,9,5571.985518,428.61427061538467,13,292.38350110321267,110.76923076923077,20.46153846153846,5.0,0.0
I,v5,d10_r06,13,10,5135.503865,395.0387588461538,13,291.7310664526232,81.15384615384616,15.307692307692308,5.0,1.8461538461538463
I,simplified,d10_r06,13,10,5101.269321,392.40533238461535,13,289.7130246483985,80.76923076923077,15.307692307692308,5.0,1.6153846153846154
I,combined,d10_r06,13,10,5079.201169,390.7077822307692,13,288.0154746275248,80.76923076923077,15.307692307692308,5.0,1.6153846153846154
I,v5,d11_r06,13,11,5427.912902,417.53176169230767,13,308.07022306404616,87.3076923076923,16.23076923076923,5.0,0.9230769230769231
I,simplified,d11_r06,13,11,5380.556845,413.88898807692306,13,304.6582187263654,87.3076923076923,16.23076923076923,5.0,0.6923076923076923
I,combined,d11_r06,13,11,5374.800159,413.4461660769231,13,304.2153966549563,87.3076923076923,16.23076923076923,5.0,0.6923076923076923
I,v5,d12_r06,13,12,5864.165639,451.08966453846153,13,347.0896646176817,82.3076923076923,14.846153846153847,5.0,1.8461538461538463
I,simplified,d12_r06,13,12,5817.959261,447.5353277692308,13,344.61225101559097,81.92307692307692,14.846153846153847,5.0,1.1538461538461537
I,combined,d12_r06,13,12,5811.696126,447.0535481538461,13,344.13047137356375,81.92307692307692,14.846153846153847,5.0,1.1538461538461537
I,v5,d13_r06,13,13,5475.633359,421.2025660769231,13,308.5871814870207,90.0,16.692307692307693,5.0,0.9230769230769231
I,simplified,d13_r06,13,13,5443.994264,418.76878953846153,13,306.1534050726294,90.0,16.692307692307693,5.0,0.9230769230769231
I,combined,d13_r06,13,13,5434.617848,418.0475267692308,13,305.43214215080053,90.0,16.692307692307693,5.0,0.9230769230769231
I,v5,d01_r07,13,1,5066.151478,389.70395984615385,13,296.5501137003835,73.84615384615384,13.615384615384615,5.0,0.6923076923076923
I,simplified,d01_r07,13,1,5053.511819,388.7316783846154,13,295.5778321740627,73.84615384615384,13.615384615384615,5.0,0.6923076923076923
I,combined,d01_r07,13,1,5048.411719,388.339363,13,295.1855167955629,73.84615384615384,13.615384615384615,5.0,0.6923076923076923
I,v5,d02_r07,13,2,4905.633175,377.3563980769231,13,286.27947520955706,71.92307692307692,13.0,5.0,1.1538461538461537
I,simplified,d02_r07,13,2,4905.633175,377.3563980769231,13,286.27947520955706,71.92307692307692,13.0,5.0,1.1538461538461537
I,combined,d02_r07,13,2,4854.886302,373.4527924615385,13,282.37586956626353,71.92307692307692,13.0,5.0,1.1538461538461537
I,v5,d03_r07,13,3,5114.733712,393.4410547692308,13,297.9795164057601,74.23076923076923,13.692307692307692,5.0,2.5384615384615383
I,simplified,d03_r07,13,3,5085.742929,391.21099453846153,13,295.74945615667633,74.23076923076923,13.692307692307692,5.0,2.5384615384615383
I,combined,d03_r07,13,3,5073.762406,390.2894158461538,13,294.82787731477003,74.23076923076923,13.692307692307692,5.0,2.5384615384615383
I,v5,d04_r07,13,4,5334.5031,410.3463923076923,13,303.3463924325457,85.38461538461539,15.692307692307692,5.0,0.9230769230769231
I,simplified,d04_r07,13,4,5334.5031,410.3463923076923,13,303.3463924325457,85.38461538461539,15.692307692307692,5.0,0.9230769230769231
I,combined,d04_r07,13,4,5325.950645,409.68851115384615,13,302.68851135069383,85.38461538461539,15.692307692307692,5.0,0.9230769230769231
I,v5,d05_r07,13,5,4904.850487,377.2961913076923,13,289.9115759456829,69.23076923076923,12.692307692307692,5.0,0.46153846153846156
I,simplified,d05_r07,13,5,4888.87403,376.06723307692306,13,288.9133869172366,69.23076923076923,12.692307692307692,5.0,0.23076923076923078
I,combined,d05_r07,13,5,4883.203894,375.6310687692308,13,288.4772226410174,69.23076923076923,12.692307692307692,5.0,0.23076923076923078
I,v5,d06_r07,13,6,5447.693434,419.05334107692306,13,305.51487947957827,90.38461538461539,16.53846153846154,5.0,1.6153846153846154
I,simplified,d06_r07,13,6,5447.693434,419.05334107692306,13,305.51487947957827,90.38461538461539,16.53846153846154,5.0,1.6153846153846154
I,combined,d06_r07,13,6,5441.453734,418.5733641538461,13,305.26567189270395,90.38461538461539,16.53846153846154,5.0,1.3846153846153846
I,v5,d07_r07,13,7,5308.145706,408.3189004615385,13,312.8573618298663,76.53846153846153,13.923076923076923,5.0,0.0
I,simplified,d07_r07,13,7,5284.459652,406.4968963076923,13,311.0353575760407,76.53846153846153,13.923076923076923,5.0,0.0
I,combined,d07_r07,13,7,5287.909157,406.76224284615387,13,309.4545504226806,78.07692307692308,14.23076923076923,5.0,0.0
I,v5,d08_r07,13,8,5287.356737,406.719749,13,299.64282602044875,84.61538461538461,15.615384615384615,5.0,1.8461538461538463
I,simplified,d08_r07,13,8,5287.356737,406.719749,13,299.64282602044875,84.61538461538461,15.615384615384615,5.0,1.8461538461538463
I,combined,d08_r07,13,8,5264.910439,404.9931106923077,13,297.91618781181717,84.61538461538461,15.615384615384615,5.0,1.8461538461538463
I,v5,d09_r07,13,9,5110.568854,393.12068107692306,13,300.81298879649677,72.6923076923077,13.461538461538462,5.0,1.1538461538461537
I,simplified,d09_r07,13,9,5110.568854,393.12068107692306,13,300.81298879649677,72.6923076923077,13.461538461538462,5.0,1.1538461538461537
I,combined,d09_r07,13,9,5111.925235,393.22501807692305,13,300.53271030743775,73.07692307692308,13.461538461538462,5.0,1.1538461538461537
I,v5,d10_r07,13,10,5745.295026,441.9457712307692,13,333.86884820964394,86.15384615384616,15.538461538461538,5.0,1.3846153846153846
I,simplified,d10_r07,13,10,5702.141647,438.6262805384616,13,331.01089592480037,86.15384615384616,15.538461538461538,5.0,0.9230769230769231
I,combined,d10_r07,13,10,5715.017697,439.61674592307696,13,331.77059208427994,86.15384615384616,15.538461538461538,5.0,1.1538461538461537
I,v5,d11_r07,13,11,5388.879155,414.52916576923076,13,305.3753197217699,87.6923076923077,16.0,5.0,0.46153846153846156
I,simplified,d11_r07,13,11,5377.3521,413.6424692307692,13,304.48862319074544,87.6923076923077,16.0,5.0,0.46153846153846156
I,combined,d11_r07,13,11,5357.8434,412.1418,13,302.9879538892189,87.6923076923077,16.0,5.0,0.46153846153846156
I,v5,d12_r07,13,12,5780.999715,444.69228576923075,13,313.8461319721967,104.61538461538461,19.615384615384617,5.0,1.6153846153846154
I,simplified,d12_r07,13,12,5739.714948,441.51653446153847,13,311.59345752680815,104.23076923076923,19.53846153846154,5.0,1.1538461538461537
I,combined,d12_r07,13,12,5559.689184,427.66839876923075,13,310.89916821004795,94.23076923076923,17.307692307692307,5.0,0.23076923076923078
I,v5,d13_r07,13,13,5457.064248,419.7741729230769,13,317.6203266119929,81.53846153846153,14.923076923076923,5.0,0.6923076923076923
I,simplified,d13_r07,13,13,5410.788247,416.21448053846154,13,314.4452497713147,81.15384615384616,14.923076923076923,5.0,0.6923076923076923
I,combined,d13_r07,13,13,5366.875888,412.83660676923074,13,311.06737591210907,81.15384615384616,14.923076923076923,5.0,0.6923076923076923
I,v5,d01_r08,13,1,5227.526145,402.11739576923077,13,304.6558573954466,76.15384615384616,14.23076923076923,5.0,2.076923076923077
I,simplified,d01_r08,13,1,5227.526145,402.11739576923077,13,304.6558573954466,76.15384615384616,14.23076923076923,5.0,2.076923076923077
I,combined,d01_r08,13,1,5214.004305,401.07725423076926,13,303.61571583424336,76.15384615384616,14.23076923076923,5.0,2.076923076923077
I,v5,d02_r08,13,2,5031.446391,387.0343377692308,13,289.1112608424056,77.6923076923077,14.307692307692308,5.0,0.9230769230769231
I,simplified,d02_r08,13,2,5031.446391,387.0343377692308,13,289.1112608424056,77.6923076923077,14.307692307692308,5.0,0.9230769230769231
I,combined,d02_r08,13,2,5012.048858,385.54221984615384,13,287.6191429043802,77.6923076923077,14.307692307692308,5.0,0.9230769230769231
I,v5,d03_r08,13,3,5031.57789,387.04445307692305,13,292.1982991607175,75.0,13.692307692307692,5.0,1.1538461538461537
I,simplified,d03_r08,13,3,4994.857525,384.21980961538463,13,289.3736557228959,75.0,13.692307692307692,5.0,1.1538461538461537
I,combined,d03_r08,13,3,4984.104786,383.39267584615385,13,288.54652192195965,75.0,13.692307692307692,5.0,1.1538461538461537
I,v5,d04_r08,13,4,5212.792985,400.9840757692308,13,294.5225374040849,84.61538461538461,15.692307692307692,5.0,1.1538461538461537
I,simplified,d04_r08,13,4,5174.895819,398.06890915384616,13,291.8381399660442,84.61538461538461,15.692307692307692,5.0,0.9230769230769231
I,combined,d04_r08,13,4,5161.081486,397.0062681538462,13,290.77549888231357,84.61538461538461,15.692307692307692,5.0,0.9230769230769231
I,v5,d05_r08,13,5,5523.457905,424.88137730769233,13,313.8044543216193,88.46153846153847,16.23076923076923,5.0,1.3846153846153846
I,simplified,d05_r08,13,5,5520.702229,424.66940223076926,13,313.3617101458702,88.46153846153847,16.23076923076923,5.0,1.6153846153846154
I,combined,d05_r08,13,5,5537.326864,425.9482203076923,13,314.8712974835725,88.46153846153847,16.23076923076923,5.0,1.3846153846153846
I,v5,d06_r08,13,6,5363.998667,412.61528207692305,13,305.3845125774312,85.76923076923077,15.76923076923077,5.0,0.6923076923076923
I,simplified,d06_r08,13,6,5292.557067,407.11977438461537,13,299.8890049853699,85.76923076923077,15.76923076923077,5.0,0.6923076923076923
I,combined,d06_r08,13,6,5282.440205,406.34155423076925,13,299.1107850066105,85.76923076923077,15.76923076923077,5.0,0.6923076923076923
I,v5,d07_r08,13,7,5236.530892,402.8100686153846,13,295.5023761747622,85.0,15.692307692307692,5.0,1.6153846153846154
I,simplified,d07_r08,13,7,5236.530892,402.8100686153846,13,295.5023761747622,85.0,15.692307692307692,5.0,1.6153846153846154
I,combined,d07_r08,13,7,5216.537515,401.27211653846155,13,293.9644241625692,85.0,15.692307692307692,5.0,1.6153846153846154
I,v5,d08_r08,13,8,5341.676278,410.8981752307692,13,310.05202139060015,80.0,14.692307692307692,5.0,1.1538461538461537
I,simplified,d08_r08,13,8,5296.155161,407.39655084615384,13,306.5503969751749,80.0,14.692307692307692,5.0,1.1538461538461537
I,combined,d08_r08,13,8,5119.052455,393.77326576923076,13,295.54249655435547,78.07692307692308,14.23076923076923,5.0,0.9230769230769231
I,v5,d09_r08,13,9,5489.385867,422.2604513076923,13,315.18352822337874,84.61538461538461,15.846153846153847,5.0,1.6153846153846154
I,simplified,d09_r08,13,9,5489.385867,422.2604513076923,13,315.18352822337874,84.61538461538461,15.846153846153847,5.0,1.6153846153846154
I,combined,d09_r08,13,9,5459.828813,419.9868317692308,13,313.5252932152172,84.61538461538461,15.692307692307692,5.0,1.1538461538461537
I,v5,d10_r08,13,10,5966.811864,458.98552800000004,13,336.2162975878357,98.07692307692308,18.076923076923077,5.0,1.6153846153846154
I,simplified,d10_r08,13,10,5916.564355,455.120335,13,332.35110448785935,98.07692307692308,18.076923076923077,5.0,1.6153846153846154
I,combined,d10_r08,13,10,5902.365646,454.0281266153846,13,331.25889605988374,98.07692307692308,18.076923076923077,5.0,1.6153846153846154
I,v5,d11_r08,13,11,5187.304629,399.023433,13,292.86958663715427,84.23076923076923,15.538461538461538,5.0,1.3846153846153846
I,simplified,d11_r08,13,11,5128.455045,394.4965419230769,13,288.1119263928017,84.23076923076923,15.538461538461538,5.0,1.6153846153846154
I,combined,d11_r08,13,11,5118.890096,393.7607766153846,13,287.3761611504719,84.23076923076923,15.538461538461538,5.0,1.6153846153846154
I,v5,d12_r08,13,12,5706.22513,438.9403946153846,13,307.4019332009257,106.53846153846153,19.53846153846154,5.0,0.46153846153846156
I,simplified,d12_r08,13,12,5678.499807,436.80767746153845,13,305.0384467218812,106.53846153846153,19.53846153846154,5.0,0.6923076923076923
I,combined,d12_r08,13,12,5665.549659,435.81151223076927,13,304.04228157791624,106.53846153846153,19.53846153846154,5.0,0.6923076923076923
I,v5,d13_r08,13,13,5707.479946,439.03691892307694,13,321.0369191232351,95.0,17.307692307692307,5.0,0.6923076923076923
I,simplified,d13_r08,13,13,5707.479946,439.03691892307694,13,321.0369191232351,95.0,17.307692307692307,5.0,0.6923076923076923
I,combined,d13_r08,13,13,5690.458367,437.72756669230773,13,319.72756683435904,95.0,17.307692307692307,5.0,0.6923076923076923
I,v5,d01_r09,13,1,5004.100955,384.9308426923077,13,283.4693040788894,80.0,14.615384615384615,5.0,1.8461538461538463
I,simplified,d01_r09,13,1,4981.774632,383.2134332307692,13,281.751894506235,80.0,14.615384615384615,5.0,1.8461538461538463
I,combined,d01_r09,13,1,4962.184996,381.70653815384617,13,280.2449994645277,80.0,14.615384615384615,5.0,1.8461538461538463
I,v5,d02_r09,13,2,5387.340669,414.4108206923077,13,313.71851283496665,80.0,14.76923076923077,5.0,0.9230769230769231
I,simplified,d02_r09,13,2,5330.691959,410.05322761538457,13,311.13015068676873,78.46153846153847,14.538461538461538,5.0,0.9230769230769231
I,combined,d02_r09,13,2,5294.635088,407.27962215384616,13,308.1257761082881,78.46153846153847,14.538461538461538,5.0,1.1538461538461537
I,v5,d03_r09,13,3,5139.576653,395.35205023076924,13,300.27512717440175,75.38461538461539,13.76923076923077,5.0,0.9230769230769231
I,simplified,d03_r09,13,3,5126.131006,394.31776969230765,13,299.24084647690165,75.38461538461539,13.76923076923077,5.0,0.9230769230769231
I,combined,d03_r09,13,3,5127.579585,394.4291988461539,13,299.1215063773968,75.38461538461539,13.76923076923077,5.0,1.1538461538461537
I,v5,d04_r09,13,4,5592.09878,430.16144461538465,13,323.69990605562595,85.0,15.538461538461538,5.0,0.9230769230769231
I,simplified,d04_r09,13,4,5524.861811,424.9893700769231,13,319.5278315308473,84.61538461538461,15.384615384615385,5.0,0.46153846153846156
I,combined,d04_r09,13,4,5520.502848,424.6540652307692,13,319.1925266874148,84.61538461538461,15.384615384615385,5.0,0.46153846153846156
I,v5,d05_r09,13,5,5094.835027,391.9103866923077,13,285.9103865651797,85.38461538461539,15.384615384615385,5.0,0.23076923076923078
I,simplified,d05_r09,13,5,5090.127304,391.54825415384613,13,285.0867155511655,85.38461538461539,15.384615384615385,5.0,0.6923076923076923
I,combined,d05_r09,13,5,5083.185229,391.01424838461537,13,284.5527097510954,85.38461538461539,15.384615384615385,5.0,0.6923076923076923
I,v5,d06_r09,13,6,5386.664771,414.3588285384615,13,312.128059227206,81.15384615384616,14.923076923076923,5.0,1.1538461538461537
I,simplified,d06_r09,13,6,5386.664771,414.3588285384615,13,312.128059227206,81.15384615384616,14.923076923076923,5.0,1.1538461538461537
I,combined,d06_r09,13,6,5366.696828,412.82283292307693,13,310.5920637773159,81.15384615384616,14.923076923076923,5.0,1.1538461538461537
I,v5,d07_r09,13,7,5274.223633,405.7095102307692,13,298.2479721137412,85.38461538461539,15.923076923076923,5.0,1.1538461538461537
I,simplified,d07_r09,13,7,5274.223633,405.7095102307692,13,298.2479721137412,85.38461538461539,15.923076923076923,5.0,1.1538461538461537
I,combined,d07_r09,13,7,5258.268944,404.4822264615385,13,297.0206880972635,85.38461538461539,15.923076923076923,5.0,1.1538461538461537
I,v5,d08_r09,13,8,5250.451508,403.88088523076925,13,299.1116545695267,83.46153846153847,15.384615384615385,5.0,0.9230769230769231
I,simplified,d08_r09,13,8,5236.306769,402.79282838461535,13,298.0235977071728,83.46153846153847,15.384615384615385,5.0,0.9230769230769231
I,combined,d08_r09,13,8,5216.562328,401.2740252307692,13,296.50479443487336,83.46153846153847,15.384615384615385,5.0,0.9230769230769231
I,v5,d09_r09,13,9,5514.978871,424.22914392307695,13,313.8445287263767,87.6923076923077,15.846153846153847,5.0,1.8461538461538463
I,simplified,d09_r09,13,9,5467.773265,420.5979434615384,13,311.36717432383784,87.3076923076923,15.76923076923077,5.0,1.1538461538461537
I,combined,d09_r09,13,9,5465.219926,420.40153276923076,13,311.17076360160615,87.3076923076923,15.76923076923077,5.0,1.1538461538461537
I,v5,d10_r09,13,10,5366.127435,412.77903346153846,13,314.31749496026373,78.84615384615384,14.153846153846153,5.0,0.46153846153846156
I,simplified,d10_r09,13,10,5335.073151,410.39024238461536,13,311.9287038684169,78.84615384615384,14.153846153846153,5.0,0.46153846153846156
I,combined,d10_r09,13,10,5306.033659,408.1564353076923,13,309.6948966417713,78.84615384615384,14.153846153846153,5.0,0.46153846153846156
I,v5,d11_r09,13,11,5441.590347,418.5838728461539,13,299.3531036099969,95.76923076923077,17.307692307692307,5.0,1.1538461538461537
I,simplified,d11_r09,13,11,5404.303199,415.7156306923077,13,296.48486140346745,95.76923076923077,17.307692307692307,5.0,1.1538461538461537
I,combined,d11_r09,13,11,5399.326504,415.332808,13,296.10203865336405,95.76923076923077,17.307692307692307,5.0,1.1538461538461537
I,v5,d12_r09,13,12,5250.648434,403.89603338461535,13,288.8191101559195,92.3076923076923,17.076923076923077,5.0,0.6923076923076923
I,simplified,d12_r09,13,12,5211.41197,400.87784384615384,13,285.95476677267305,91.92307692307692,17.076923076923077,5.0,0.9230769230769231
I,combined,d12_r09,13,12,5215.630338,401.20233369230766,13,286.2792566460897,91.92307692307692,17.076923076923077,5.0,0.9230769230769231
I,v5,d13_r09,13,13,5169.664812,397.666524,13,289.97421637909224,86.15384615384616,16.076923076923077,5.0,0.46153846153846156
I,simplified,d13_r09,13,13,5169.664812,397.666524,13,289.97421637909224,86.15384615384616,16.076923076923077,5.0,0.46153846153846156
I,combined,d13_r09,13,13,5157.722003,396.7478463846154,13,289.0555386442352,86.15384615384616,16.076923076923077,5.0,0.46153846153846156
J,simplified,nominal_nominal_n13_d01_r00,13,1,4906.095697,377.39197669230765,13,287.93043815070126,70.0,13.076923076923077,5.0,1.3846153846153846
J,v5,nominal_nominal_n13_d01_r00,13,1,4906.095697,377.39197669230765,13,287.93043815070126,70.0,13.076923076923077,5.0,1.3846153846153846
J,simplified,nominal_nominal_n13_d01_r01,13,1,5069.373124,389.95177876923077,13,290.87485554130495,77.6923076923077,14.307692307692308,5.0,2.076923076923077
J,v5,nominal_nominal_n13_d01_r01,13,1,5088.946749,391.45744223076923,13,292.38051899179237,77.6923076923077,14.307692307692308,5.0,2.076923076923077
J,simplified,nominal_nominal_n13_d01_r02,13,1,4917.655319,378.28117838461543,13,285.12733220187323,72.6923076923077,13.384615384615385,5.0,2.076923076923077
J,v5,nominal_nominal_n13_d01_r02,13,1,4917.655319,378.28117838461543,13,285.12733220187323,72.6923076923077,13.384615384615385,5.0,2.076923076923077
J,simplified,nominal_nominal_n13_d01_r03,13,1,5018.993711,386.07643930769234,13,287.61490086300535,78.07692307692308,14.0,5.0,1.3846153846153846
J,v5,nominal_nominal_n13_d01_r03,13,1,5018.993711,386.07643930769234,13,287.61490086300535,78.07692307692308,14.0,5.0,1.3846153846153846
J,simplified,nominal_nominal_n13_d01_r04,13,1,5053.916972,388.762844,13,292.83976698763684,75.76923076923077,13.76923076923077,5.0,1.3846153846153846
J,v5,nominal_nominal_n13_d01_r04,13,1,5011.352151,385.488627,13,289.56555003541416,75.76923076923077,13.76923076923077,5.0,1.3846153846153846
J,simplified,nominal_nominal_n13_d01_r05,13,1,5035.491639,387.3455106923077,13,288.8070492809394,78.07692307692308,14.307692307692308,5.0,1.1538461538461537
J,v5,nominal_nominal_n13_d01_r05,13,1,5082.457824,390.95829415384617,13,290.6506019161616,78.84615384615384,14.615384615384615,5.0,1.8461538461538463
J,simplified,nominal_nominal_n13_d01_r06,13,1,5148.996064,396.0766203076923,13,297.4612355652092,78.07692307692308,14.153846153846153,5.0,1.3846153846153846
J,v5,nominal_nominal_n13_d01_r06,13,1,5163.086464,397.16049723076924,13,298.54511237962913,78.07692307692308,14.153846153846153,5.0,1.3846153846153846
J,simplified,nominal_nominal_n13_d01_r07,13,1,4984.21641,383.4012623076923,13,284.5551084412517,78.84615384615384,14.307692307692308,5.0,0.6923076923076923
J,v5,nominal_nominal_n13_d01_r07,13,1,5051.892394,388.60710723076926,13,288.60710721179424,79.61538461538461,14.461538461538462,5.0,0.9230769230769231
J,simplified,nominal_nominal_n13_d01_r08,13,1,5169.068666,397.6206666153846,13,289.62066644401006,86.15384615384616,15.923076923076923,5.0,0.9230769230769231
J,v5,nominal_nominal_n13_d01_r08,13,1,5211.385995,400.87584576923075,13,292.87584560404224,86.15384615384616,15.923076923076923,5.0,0.9230769230769231
J,simplified,nominal_nominal_n13_d01_r09,13,1,4979.267899,383.0206076153846,13,297.4052228146669,67.6923076923077,12.23076923076923,5.0,0.6923076923076923
J,v5,nominal_nominal_n13_d01_r09,13,1,4979.267899,383.0206076153846,13,297.4052228146669,67.6923076923077,12.23076923076923,5.0,0.6923076923076923
J,simplified,nominal_nominal_n13_d01_r10,13,1,5019.860677,386.143129,13,281.68159040929646,83.84615384615384,15.153846153846153,5.0,0.46153846153846156
J,v5,nominal_nominal_n13_d01_r10,13,1,5049.340002,388.4107693846154,13,283.5646154931941,84.23076923076923,15.153846153846153,5.0,0.46153846153846156
J,simplified,nominal_nominal_n13_d01_r11,13,1,5089.41764,391.4936646153846,13,298.57058765551704,73.84615384615384,13.615384615384615,5.0,0.46153846153846156
J,v5,nominal_nominal_n13_d01_r11,13,1,5089.41764,391.4936646153846,13,298.57058765551704,73.84615384615384,13.615384615384615,5.0,0.46153846153846156
J,simplified,nominal_nominal_n13_d01_r12,13,1,4858.968624,373.7668172307692,13,279.99758659819497,75.0,13.538461538461538,5.0,0.23076923076923078
J,v5,nominal_nominal_n13_d01_r12,13,1,4877.970717,375.2285166923077,13,281.22851690092614,75.0,13.538461538461538,5.0,0.46153846153846156
J,simplified,nominal_nominal_n13_d01_r13,13,1,4985.541848,383.5032190769231,13,283.1186036063924,80.0,14.692307692307692,5.0,0.6923076923076923
J,v5,nominal_nominal_n13_d01_r13,13,1,4990.969383,383.92072176923074,13,283.53610630251086,80.0,14.692307692307692,5.0,0.6923076923076923
J,simplified,nominal_nominal_n13_d01_r14,13,1,5089.233589,391.47950684615387,13,288.9410454875925,80.76923076923077,14.923076923076923,5.0,1.8461538461538463
J,v5,nominal_nominal_n13_d01_r14,13,1,5112.650522,393.2808093846154,13,290.5885018200708,81.15384615384616,14.923076923076923,5.0,1.6153846153846154
J,simplified,nominal_nominal_n13_d01_r15,13,1,5005.327961,385.02522776923075,13,285.0252277159943,80.0,14.538461538461538,5.0,0.46153846153846156
J,v5,nominal_nominal_n13_d01_r15,13,1,5005.327961,385.02522776923075,13,285.0252277159943,80.0,14.538461538461538,5.0,0.46153846153846156
J,simplified,nominal_nominal_n13_d01_r16,13,1,4925.796059,378.90738915384617,13,284.6766200275259,75.0,13.538461538461538,5.0,0.6923076923076923
J,v5,nominal_nominal_n13_d01_r16,13,1,4977.462048,382.88169600000003,13,288.8816960531373,75.0,13.538461538461538,5.0,0.46153846153846156
J,simplified,nominal_nominal_n13_d01_r17,13,1,4929.238345,379.1721803846154,13,285.0952573226701,73.46153846153847,13.538461538461538,5.0,2.076923076923077
J,v5,nominal_nominal_n13_d01_r17,13,1,4929.238345,379.1721803846154,13,285.0952573226701,73.46153846153847,13.538461538461538,5.0,2.076923076923077
J,simplified,nominal_nominal_n13_d01_r18,13,1,4981.724929,383.2096099230769,13,282.5173024236136,79.61538461538461,14.692307692307692,5.0,1.3846153846153846
J,v5,nominal_nominal_n13_d01_r18,13,1,4983.842889,383.3725299230769,13,283.68022249030827,79.23076923076923,14.538461538461538,5.0,0.9230769230769231
J,simplified,nominal_nominal_n13_d01_r19,13,1,5039.77585,387.6750653846154,13,296.98275779958516,71.15384615384616,12.692307692307692,5.0,1.8461538461538463
J,v5,nominal_nominal_n13_d01_r19,13,1,5039.77585,387.6750653846154,13,296.98275779958516,71.15384615384616,12.692307692307692,5.0,1.8461538461538463
J,simplified,nominal_nominal_n13_d01_r20,13,1,5051.906485,388.6081911538462,13,297.37742211199725,72.3076923076923,13.23076923076923,5.0,0.6923076923076923
J,v5,nominal_nominal_n13_d01_r20,13,1,5070.12499,390.00961461538463,13,298.77884561344894,72.3076923076923,13.23076923076923,5.0,0.6923076923076923
J,simplified,nominal_nominal_n13_d01_r21,13,1,5296.368869,407.4129899230769,13,314.64375926940943,73.46153846153847,13.153846153846153,5.0,1.1538461538461537
J,v5,nominal_nominal_n13_d01_r21,13,1,5296.368869,407.4129899230769,13,314.64375926940943,73.46153846153847,13.153846153846153,5.0,1.1538461538461537
J,simplified,nominal_nominal_n13_d01_r22,13,1,4835.858097,371.9890843846154,13,278.2967767598606,74.61538461538461,13.615384615384615,5.0,0.46153846153846156
J,v5,nominal_nominal_n13_d01_r22,13,1,4843.647486,372.5882681538461,13,278.89596051157565,74.61538461538461,13.615384615384615,5.0,0.46153846153846156
J,simplified,nominal_nominal_n13_d01_r23,13,1,4942.608885,380.20068346153846,13,285.12376051310446,75.0,13.923076923076923,5.0,1.1538461538461537
J,v5,nominal_nominal_n13_d01_r23,13,1,4933.530279,379.5023291538461,13,284.4254061630862,75.0,13.923076923076923,5.0,1.1538461538461537
J,simplified,nominal_nominal_n13_d01_r24,13,1,4925.357208,378.8736313846154,13,283.56593900610676,76.15384615384616,13.923076923076923,5.0,0.23076923076923078
J,v5,nominal_nominal_n13_d01_r24,13,1,4960.979396,381.6137996923077,13,286.30610737493913,76.15384615384616,13.923076923076923,5.0,0.23076923076923078
J,simplified,nominal_nominal_n13_d01_r25,13,1,5007.669407,385.20533900000004,13,286.05149296260447,78.46153846153847,14.538461538461538,5.0,1.1538461538461537
J,v5,nominal_nominal_n13_d01_r25,13,1,5044.288392,388.02218400000004,13,288.8683378682344,78.46153846153847,14.538461538461538,5.0,1.1538461538461537
J,simplified,nominal_nominal_n13_d01_r26,13,1,5096.874989,392.0673068461538,13,288.37499932999503,81.92307692307692,14.923076923076923,5.0,1.8461538461538463
J,v5,nominal_nominal_n13_d01_r26,13,1,5126.64731,394.3574853846154,13,290.66517787171045,81.92307692307692,14.923076923076923,5.0,1.8461538461538463
J,simplified,nominal_nominal_n13_d01_r27,13,1,4955.140749,381.164673,13,289.1646729765867,72.6923076923077,13.384615384615385,5.0,0.9230769230769231
J,v5,nominal_nominal_n13_d01_r27,13,1,4979.436194,383.0335533846154,13,291.0335533312646,72.6923076923077,13.384615384615385,5.0,0.9230769230769231
J,simplified,nominal_nominal_n13_d01_r28,13,1,5006.484984,385.11422953846153,13,289.42192177592153,76.53846153846153,13.692307692307692,5.0,0.46153846153846156
J,v5,nominal_nominal_n13_d01_r28,13,1,4994.498927,384.19222515384615,13,288.49991741166474,76.53846153846153,13.692307692307692,5.0,0.46153846153846156
J,simplified,nominal_nominal_n13_d01_r29,13,1,5085.844257,391.21878899999996,13,291.9110967331443,78.46153846153847,14.461538461538462,5.0,1.3846153846153846
J,v5,nominal_nominal_n13_d01_r29,13,1,5085.844257,391.21878899999996,13,291.9110967331443,78.46153846153847,14.461538461538462,5.0,1.3846153846153846
J,simplified,nominal_nominal_n13_d02_r00,13,2,4972.20063,382.47697153846156,13,282.5538945023395,79.61538461538461,14.384615384615385,5.0,0.9230769230769231
J,v5,nominal_nominal_n13_d02_r00,13,2,4985.556147,383.504319,13,283.5812418194114,79.61538461538461,14.384615384615385,5.0,0.9230769230769231
J,simplified,nominal_nominal_n13_d02_r01,13,2,5223.661691,401.8201300769231,13,300.4355147104135,81.15384615384616,14.76923076923077,5.0,0.46153846153846156
J,v5,nominal_nominal_n13_d02_r01,13,2,5262.52397,404.8095361538462,13,303.42492077940074,81.15384615384616,14.76923076923077,5.0,0.46153846153846156
J,simplified,nominal_nominal_n13_d02_r02,13,2,5056.198667,388.938359,13,294.47682040974524,74.61538461538461,13.692307692307692,5.0,1.1538461538461537
J,v5,nominal_nominal_n13_d02_r02,13,2,5056.198667,388.938359,13,294.47682040974524,74.61538461538461,13.692307692307692,5.0,1.1538461538461537
J,simplified,nominal_nominal_n13_d02_r03,13,2,5347.468036,411.3436950769231,13,311.189848771993,80.0,14.692307692307692,5.0,0.46153846153846156
J,v5,nominal_nominal_n13_d02_r03,13,2,5368.962324,412.99710184615384,13,312.8432554369005,80.0,14.692307692307692,5.0,0.46153846153846156
J,simplified,nominal_nominal_n13_d02_r04,13,2,5137.472703,395.19020792307697,13,290.2671308851309,83.07692307692308,15.461538461538462,5.0,1.3846153846153846
J,v5,nominal_nominal_n13_d02_r04,13,2,5150.174333,396.16725638461537,13,291.24417934682725,83.07692307692308,15.461538461538462,5.0,1.3846153846153846
J,simplified,nominal_nominal_n13_d02_r05,13,2,5192.289149,399.40685761538464,13,290.2530115812362,87.3076923076923,15.923076923076923,5.0,0.9230769230769231
J,v5,nominal_nominal_n13_d02_r05,13,2,5192.958265,399.45832807692307,13,289.38140503979054,87.6923076923077,16.0,5.0,1.3846153846153846
J,simplified,nominal_nominal_n13_d02_r06,13,2,5293.683073,407.2063902307692,13,295.74485195033344,87.6923076923077,16.46153846153846,5.0,2.3076923076923075
J,v5,nominal_nominal_n13_d02_r06,13,2,5079.875559,390.75965838461536,13,282.75965854393075,85.0,15.923076923076923,5.0,2.076923076923077
J,simplified,nominal_nominal_n13_d02_r07,13,2,4866.152867,374.3194513076923,13,285.47329732629464,70.0,12.692307692307692,5.0,1.1538461538461537
J,v5,nominal_nominal_n13_d02_r07,13,2,4866.152867,374.3194513076923,13,285.47329732629464,70.0,12.692307692307692,5.0,1.1538461538461537
J,simplified,nominal_nominal_n13_d02_r08,13,2,4934.860381,379.6046446923077,13,290.2200293468364,69.61538461538461,12.692307692307692,5.0,2.076923076923077
J,v5,nominal_nominal_n13_d02_r08,13,2,4934.860381,379.6046446923077,13,290.2200293468364,69.61538461538461,12.692307692307692,5.0,2.076923076923077
J,simplified,nominal_nominal_n13_d02_r09,13,2,5103.437241,392.5720954615384,13,286.3413260735863,84.23076923076923,15.615384615384615,5.0,1.3846153846153846
J,v5,nominal_nominal_n13_d02_r09,13,2,5111.904711,393.22343930769233,13,286.99266995048816,84.23076923076923,15.615384615384615,5.0,1.3846153846153846
J,simplified,nominal_nominal_n13_d02_r10,13,2,4868.728584,374.5175833846154,13,283.8252757699307,71.15384615384616,12.923076923076923,5.0,1.6153846153846154
J,v5,nominal_nominal_n13_d02_r10,13,2,4868.728584,374.5175833846154,13,283.8252757699307,71.15384615384616,12.923076923076923,5.0,1.6153846153846154
J,simplified,nominal_nominal_n13_d02_r11,13,2,5113.35419,393.3349376923077,13,286.25801436720553,85.38461538461539,15.76923076923077,5.0,0.9230769230769231
J,v5,nominal_nominal_n13_d02_r11,13,2,5167.318203,397.4860156153846,13,290.4090925135574,85.38461538461539,15.76923076923077,5.0,0.9230769230769231
J,simplified,nominal_nominal_n13_d02_r12,13,2,5296.513845,407.42414192307695,13,298.1164493079865,86.92307692307692,16.0,5.0,1.3846153846153846
J,v5,nominal_nominal_n13_d02_r12,13,2,5288.922347,406.84018053846154,13,298.22479567958175,86.53846153846153,15.923076923076923,5.0,1.1538461538461537
J,simplified,nominal_nominal_n13_d02_r13,13,2,5138.481268,395.2677898461538,13,285.4216359226598,87.6923076923077,16.23076923076923,5.0,0.9230769230769231
J,v5,nominal_nominal_n13_d02_r13,13,2,5224.704111,401.90031623076925,13,290.2849317052536,88.46153846153847,16.307692307692307,5.0,1.8461538461538463
J,simplified,nominal_nominal_n13_d02_r14,13,2,5335.682712,410.4371316923077,13,290.51405479909243,95.76923076923077,17.53846153846154,5.0,1.6153846153846154
J,v5,nominal_nominal_n13_d02_r14,13,2,5350.491222,411.5762478461538,13,291.88394009361485,95.76923076923077,17.53846153846154,5.0,1.3846153846153846
J,simplified,nominal_nominal_n13_d02_r15,13,2,4904.708092,377.28523784615385,13,291.4390840889117,66.92307692307692,12.076923076923077,5.0,1.8461538461538463
J,v5,nominal_nominal_n13_d02_r15,13,2,4904.708092,377.28523784615385,13,291.4390840889117,66.92307692307692,12.076923076923077,5.0,1.8461538461538463
J,simplified,nominal_nominal_n13_d02_r16,13,2,5098.823769,392.21721299999996,13,294.1402899522884,78.46153846153847,14.384615384615385,5.0,0.23076923076923078
J,v5,nominal_nominal_n13_d02_r16,13,2,5113.416194,393.33970723076925,13,295.2627842094788,78.46153846153847,14.384615384615385,5.0,0.23076923076923078
J,simplified,nominal_nominal_n13_d02_r17,13,2,5083.235294,391.01809953846157,13,284.4796383487092,83.84615384615384,15.615384615384615,5.0,2.076923076923077
J,v5,nominal_nominal_n13_d02_r17,13,2,5076.014689,390.46266838461537,13,284.8472840496879,83.46153846153847,15.538461538461538,5.0,1.6153846153846154
J,simplified,nominal_nominal_n13_d02_r18,13,2,5127.552563,394.4271202307692,13,295.8117357020987,77.3076923076923,14.461538461538462,5.0,1.8461538461538463
J,v5,nominal_nominal_n13_d02_r18,13,2,5127.552563,394.4271202307692,13,295.8117357020987,77.3076923076923,14.461538461538462,5.0,1.8461538461538463
J,simplified,nominal_nominal_n13_d02_r19,13,2,4902.914635,377.1472796153846,13,286.99343337754635,71.53846153846153,12.923076923076923,5.0,0.6923076923076923
J,v5,nominal_nominal_n13_d02_r19,13,2,5098.046518,392.1574244615385,13,296.1574243490876,76.15384615384616,13.923076923076923,5.0,0.9230769230769231
J,simplified,nominal_nominal_n13_d02_r20,13,2,5149.031221,396.0793246923077,13,295.0793248704397,80.38461538461539,14.692307692307692,5.0,0.9230769230769231
J,v5,nominal_nominal_n13_d02_r20,13,2,5136.053887,395.08106823076923,13,294.31183760278975,80.38461538461539,14.692307692307692,5.0,0.6923076923076923
J,simplified,nominal_nominal_n13_d02_r21,13,2,5187.433952,399.03338092307695,13,295.5718423982823,83.07692307692308,15.384615384615385,5.0,0.0
J,v5,nominal_nominal_n13_d02_r21,13,2,5225.273384,401.94410646153847,13,298.4825679398382,83.07692307692308,15.384615384615385,5.0,0.0
J,simplified,nominal_nominal_n13_d02_r22,13,2,4853.414527,373.339579,13,287.1088099105081,66.92307692307692,12.23076923076923,5.0,2.076923076923077
J,v5,nominal_nominal_n13_d02_r22,13,2,4853.414527,373.339579,13,287.1088099105081,66.92307692307692,12.23076923076923,5.0,2.076923076923077
J,simplified,nominal_nominal_n13_d02_r23,13,2,5327.921858,409.8401429230769,13,307.8401430787549,80.76923076923077,14.846153846153847,5.0,1.3846153846153846
J,v5,nominal_nominal_n13_d02_r23,13,2,5155.601576,396.5847366153846,13,299.8924288465218,76.53846153846153,14.0,5.0,1.1538461538461537
J,simplified,nominal_nominal_n13_d02_r24,13,2,5110.631975,393.1255365384616,13,287.7409209722659,82.6923076923077,15.153846153846153,5.0,2.5384615384615383
J,v5,nominal_nominal_n13_d02_r24,13,2,5164.364098,397.2587767692308,13,291.18185352070657,83.07692307692308,15.23076923076923,5.0,2.769230769230769
J,simplified,nominal_nominal_n13_d02_r25,13,2,4990.33273,383.87174846153846,13,284.17944066902004,78.84615384615384,14.692307692307692,5.0,1.1538461538461537
J,v5,nominal_nominal_n13_d02_r25,13,2,4990.33273,383.87174846153846,13,284.17944066902004,78.84615384615384,14.692307692307692,5.0,1.1538461538461537
J,simplified,nominal_nominal_n13_d02_r26,13,2,5061.161163,389.32008946153843,13,288.7816279295543,79.61538461538461,14.76923076923077,5.0,1.1538461538461537
J,v5,nominal_nominal_n13_d02_r26,13,2,5120.624853,393.89421946153846,13,293.3557579483879,79.61538461538461,14.76923076923077,5.0,1.1538461538461537
J,simplified,nominal_nominal_n13_d02_r27,13,2,4937.070123,379.77462484615387,13,284.1592401931229,75.0,13.76923076923077,5.0,1.8461538461538463
J,v5,nominal_nominal_n13_d02_r27,13,2,4952.12778,380.93290615384615,13,285.317521466643,75.0,13.76923076923077,5.0,1.8461538461538463
J,simplified,nominal_nominal_n13_d02_r28,13,2,5300.460887,407.72776053846155,13,302.88160681821233,84.23076923076923,15.384615384615385,5.0,0.23076923076923078
J,v5,nominal_nominal_n13_d02_r28,13,2,5292.042919,407.08022453846155,13,302.23407078327944,84.23076923076923,15.384615384615385,5.0,0.23076923076923078
J,simplified,nominal_nominal_n13_d02_r29,13,2,5034.703843,387.284911,13,297.9772188721182,68.84615384615384,12.692307692307692,5.0,2.769230769230769
J,v5,nominal_nominal_n13_d02_r29,13,2,5034.703843,387.284911,13,297.9772188721182,68.84615384615384,12.692307692307692,5.0,2.769230769230769
J,simplified,nominal_nominal_n13_d03_r00,13,3,5491.935844,422.45660338461533,13,306.45660350495643,92.6923076923077,17.153846153846153,5.0,1.1538461538461537
J,v5,nominal_nominal_n13_d03_r00,13,3,5541.47426,426.26725076923077,13,309.4980201692139,93.07692307692308,17.307692307692307,5.0,1.3846153846153846
J,simplified,nominal_nominal_n13_d03_r01,13,3,5155.297664,396.56135876923076,13,295.79212818336106,80.38461538461539,14.923076923076923,5.0,0.46153846153846156
J,v5,nominal_nominal_n13_d03_r01,13,3,5172.287179,397.8682445384615,13,297.09901405747576,80.38461538461539,14.923076923076923,5.0,0.46153846153846156
J,simplified,nominal_nominal_n13_d03_r02,13,3,4939.114716,379.93190123076926,13,284.5472857687516,75.38461538461539,13.846153846153847,5.0,1.1538461538461537
J,v5,nominal_nominal_n13_d03_r02,13,3,4962.618731,381.73990238461533,13,285.89374849427793,75.76923076923077,13.923076923076923,5.0,1.1538461538461537
J,simplified,nominal_nominal_n13_d03_r03,13,3,5208.091144,400.6223956923077,13,299.8531649887767,79.61538461538461,14.76923076923077,5.0,1.3846153846153846
J,v5,nominal_nominal_n13_d03_r03,13,3,5227.104484,402.0849603076923,13,301.31572957386817,79.61538461538461,14.76923076923077,5.0,1.3846153846153846
J,simplified,nominal_nominal_n13_d03_r04,13,3,5178.902883,398.37714484615384,13,297.22329864471004,80.0,14.76923076923077,5.0,1.3846153846153846
J,v5,nominal_nominal_n13_d03_r04,13,3,5240.593496,403.1225766153847,13,301.04565358237573,80.38461538461539,14.846153846153847,5.0,1.8461538461538463
J,simplified,nominal_nominal_n13_d03_r05,13,3,5044.865571,388.0665823846154,13,291.7588901830696,76.15384615384616,13.76923076923077,5.0,1.3846153846153846
J,v5,nominal_nominal_n13_d03_r05,13,3,5082.610829,390.97006376923076,13,294.6623715161995,76.15384615384616,13.76923076923077,5.0,1.3846153846153846
J,simplified,nominal_nominal_n13_d03_r06,13,3,5443.219854,418.7092195384615,13,297.6322962442118,96.53846153846153,17.923076923076923,5.0,1.6153846153846154
J,v5,nominal_nominal_n13_d03_r06,13,3,5391.981353,414.7677963846154,13,298.8447194261986,92.6923076923077,16.846153846153847,5.0,1.3846153846153846
J,simplified,nominal_nominal_n13_d03_r07,13,3,5013.240618,385.63389369230765,13,290.94158592744066,75.38461538461539,13.846153846153847,5.0,0.46153846153846156
J,v5,nominal_nominal_n13_d03_r07,13,3,5031.604661,387.0465123846154,13,292.58497383568334,75.38461538461539,13.846153846153847,5.0,0.23076923076923078
J,simplified,nominal_nominal_n13_d03_r08,13,3,5122.652059,394.0501583846154,13,285.5116972754916,86.92307692307692,15.923076923076923,5.0,0.6923076923076923
J,v5,nominal_nominal_n13_d03_r08,13,3,5173.82993,397.98691769230766,13,289.44845632286376,86.92307692307692,15.923076923076923,5.0,0.6923076923076923
J,simplified,nominal_nominal_n13_d03_r09,13,3,5038.416897,387.5705305384615,13,295.10899208658395,73.46153846153847,13.307692307692308,5.0,0.6923076923076923
J,v5,nominal_nominal_n13_d03_r09,13,3,5060.619915,389.278455,13,296.5861472653874,73.46153846153847,13.307692307692308,5.0,0.9230769230769231
J,simplified,nominal_nominal_n13_d03_r10,13,3,5111.59944,393.1999569230769,13,295.4307261181764,78.46153846153847,14.076923076923077,5.0,0.23076923076923078
J,v5,nominal_nominal_n13_d03_r10,13,3,5160.415427,396.9550328461538,13,299.1858020329979,78.46153846153847,14.076923076923077,5.0,0.23076923076923078
J,simplified,nominal_nominal_n13_d03_r11,13,3,4867.351252,374.4116347692308,13,282.95009631124015,72.6923076923077,13.076923076923077,5.0,0.6923076923076923
J,v5,nominal_nominal_n13_d03_r11,13,3,4894.421319,376.4939476153846,13,285.0324091912871,72.6923076923077,13.076923076923077,5.0,0.6923076923076923
J,simplified,nominal_nominal_n13_d03_r12,13,3,5179.632557,398.4332736153846,13,295.43327371023173,81.53846153846153,15.076923076923077,5.0,1.3846153846153846
J,v5,nominal_nominal_n13_d03_r12,13,3,5208.06577,400.6204438461539,13,297.6204439328139,81.53846153846153,15.076923076923077,5.0,1.3846153846153846
J,simplified,nominal_nominal_n13_d03_r13,13,3,5278.414857,406.03191207692305,13,295.41652759801514,88.07692307692308,16.384615384615383,5.0,1.1538461538461537
J,v5,nominal_nominal_n13_d03_r13,13,3,5278.414857,406.03191207692305,13,295.41652759801514,88.07692307692308,16.384615384615383,5.0,1.1538461538461537
J,simplified,nominal_nominal_n13_d03_r14,13,3,4792.605962,368.66199707692306,13,281.50815095305995,68.84615384615384,12.384615384615385,5.0,0.9230769230769231
J,v5,nominal_nominal_n13_d03_r14,13,3,4849.729287,373.056099,13,284.7484067567662,69.61538461538461,12.538461538461538,5.0,1.1538461538461537
J,simplified,nominal_nominal_n13_d03_r15,13,3,5152.245719,396.3265937692307,13,299.1727476419946,76.92307692307692,14.076923076923077,5.0,1.1538461538461537
J,v5,nominal_nominal_n13_d03_r15,13,3,5173.45244,397.95788,13,300.8040337904494,76.92307692307692,14.076923076923077,5.0,1.1538461538461537
J,simplified,nominal_nominal_n13_d03_r16,13,3,5013.934944,385.68730338461535,13,291.3026879008826,75.0,13.692307692307692,5.0,0.6923076923076923
J,v5,nominal_nominal_n13_d03_r16,13,3,5052.39036,388.6454123076923,13,293.7992582757278,75.0,13.692307692307692,5.0,1.1538461538461537
J,simplified,nominal_nominal_n13_d03_r17,13,3,5243.777322,403.3674863076923,13,296.05979448563056,85.76923076923077,15.846153846153847,5.0,0.6923076923076923
J,v5,nominal_nominal_n13_d03_r17,13,3,5096.130427,392.0100328461539,13,291.8561870401271,80.0,14.923076923076923,5.0,0.23076923076923078
J,simplified,nominal_nominal_n13_d03_r18,13,3,5025.689807,386.5915236153846,13,288.05306197767345,78.07692307692308,14.307692307692308,5.0,1.1538461538461537
J,v5,nominal_nominal_n13_d03_r18,13,3,5025.689807,386.5915236153846,13,288.05306197767345,78.07692307692308,14.307692307692308,5.0,1.1538461538461537
J,simplified,nominal_nominal_n13_d03_r19,13,3,5110.387382,393.1067216923077,13,290.72210630804676,81.15384615384616,14.846153846153847,5.0,1.3846153846153846
J,v5,nominal_nominal_n13_d03_r19,13,3,5145.86004,395.8353876923077,13,293.6815415439532,81.15384615384616,14.846153846153847,5.0,1.1538461538461537
J,simplified,nominal_nominal_n13_d03_r20,13,3,5091.496693,391.6535917692308,13,293.4228225777068,78.46153846153847,14.307692307692308,5.0,0.46153846153846156
J,v5,nominal_nominal_n13_d03_r20,13,3,5091.496693,391.6535917692308,13,293.4228225777068,78.46153846153847,14.307692307692308,5.0,0.46153846153846156
J,simplified,nominal_nominal_n13_d03_r21,13,3,4985.270101,383.48231546153846,13,287.94385401450785,75.38461538461539,13.76923076923077,5.0,1.3846153846153846
J,v5,nominal_nominal_n13_d03_r21,13,3,4985.270101,383.48231546153846,13,287.94385401450785,75.38461538461539,13.76923076923077,5.0,1.3846153846153846
J,simplified,nominal_nominal_n13_d03_r22,13,3,4994.407637,384.18520284615386,13,291.18520268114514,73.84615384615384,13.461538461538462,5.0,0.6923076923076923
J,v5,nominal_nominal_n13_d03_r22,13,3,5007.955743,385.2273648461539,13,292.22736464895075,73.84615384615384,13.461538461538462,5.0,0.6923076923076923
J,simplified,nominal_nominal_n13_d03_r23,13,3,4908.054441,377.54264930769233,13,285.00418775377375,73.07692307692308,13.307692307692308,5.0,1.1538461538461537
J,v5,nominal_nominal_n13_d03_r23,13,3,4908.054441,377.54264930769233,13,285.00418775377375,73.07692307692308,13.307692307692308,5.0,1.1538461538461537
J,simplified,nominal_nominal_n13_d03_r24,13,3,5248.052265,403.6963280769231,13,296.311712932403,85.0,15.76923076923077,5.0,1.6153846153846154
J,v5,nominal_nominal_n13_d03_r24,13,3,5148.712324,396.05479415384616,13,296.59325580268785,78.46153846153847,14.615384615384615,5.0,1.3846153846153846
J,simplified,nominal_nominal_n13_d03_r25,13,3,5411.152047,416.2424651538461,13,302.1655420059593,91.53846153846153,16.846153846153847,5.0,0.6923076923076923
J,v5,nominal_nominal_n13_d03_r25,13,3,5411.152047,416.2424651538461,13,302.1655420059593,91.53846153846153,16.846153846153847,5.0,0.6923076923076923
J,simplified,nominal_nominal_n13_d03_r26,13,3,5083.750187,391.05770669230765,13,288.9807835721996,81.15384615384616,14.538461538461538,5.0,1.3846153846153846
J,v5,nominal_nominal_n13_d03_r26,13,3,5083.750187,391.05770669230765,13,288.9807835721996,81.15384615384616,14.538461538461538,5.0,1.3846153846153846
J,simplified,nominal_nominal_n13_d03_r27,13,3,5048.826796,388.37129200000004,13,292.525137882749,75.76923076923077,13.923076923076923,5.0,1.1538461538461537
J,v5,nominal_nominal_n13_d03_r27,13,3,5067.244858,389.788066,13,293.9419117984735,75.76923076923077,13.923076923076923,5.0,1.1538461538461537
J,simplified,nominal_nominal_n13_d03_r28,13,3,5306.824089,408.2172376153846,13,291.6787760625181,93.07692307692308,17.307692307692307,5.0,1.1538461538461537
J,v5,nominal_nominal_n13_d03_r28,13,3,5382.490096,414.03769969230774,13,297.4992380554196,93.07692307692308,17.307692307692307,5.0,1.1538461538461537
J,simplified,nominal_nominal_n13_d03_r29,13,3,5124.366402,394.1820309230769,13,294.0281846758057,80.38461538461539,14.76923076923077,5.0,0.0
J,v5,nominal_nominal_n13_d03_r29,13,3,5124.366402,394.1820309230769,13,294.0281846758057,80.38461538461539,14.76923076923077,5.0,0.0
J,simplified,nominal_nominal_n13_d04_r00,13,4,4978.432599,382.95635376923076,13,288.264046168169,75.38461538461539,14.076923076923077,5.0,0.23076923076923078
J,v5,nominal_nominal_n13_d04_r00,13,4,4997.269147,384.405319,13,288.9437806993429,75.76923076923077,14.23076923076923,5.0,0.46153846153846156
J,simplified,nominal_nominal_n13_d04_r01,13,4,5040.400103,387.7230848461538,13,291.10770026114375,76.53846153846153,13.923076923076923,5.0,1.1538461538461537
J,v5,nominal_nominal_n13_d04_r01,13,4,5048.56554,388.3511953846154,13,294.8127341263945,73.84615384615384,13.538461538461538,5.0,1.1538461538461537
J,simplified,nominal_nominal_n13_d04_r02,13,4,5083.642533,391.0494256153846,13,289.3571178325188,80.76923076923077,15.0,5.0,0.9230769230769231
J,v5,nominal_nominal_n13_d04_r02,13,4,5095.121702,391.9324386153846,13,290.2401308891854,80.76923076923077,15.0,5.0,0.9230769230769231
J,simplified,nominal_nominal_n13_d04_r03,13,4,5037.135381,387.4719523846154,13,289.24118316810825,77.6923076923077,14.384615384615385,5.0,1.1538461538461537
J,v5,nominal_nominal_n13_d04_r03,13,4,5046.533529,388.19488684615385,13,289.9641177157234,77.6923076923077,14.384615384615385,5.0,1.1538461538461537
J,simplified,nominal_nominal_n13_d04_r04,13,4,5132.972546,394.844042,13,293.84404194298264,80.38461538461539,14.692307692307692,5.0,0.9230769230769231
J,v5,nominal_nominal_n13_d04_r04,13,4,5096.312299,392.024023,13,295.1009460571564,76.92307692307692,14.076923076923077,5.0,0.9230769230769231
J,simplified,nominal_nominal_n13_d04_r05,13,4,5547.441336,426.7262566153846,13,312.03394912322926,90.76923076923077,16.615384615384617,5.0,2.3076923076923075
J,v5,nominal_nominal_n13_d04_r05,13,4,5391.19824,414.7075569230769,13,303.7075570357707,87.6923076923077,16.0,5.0,2.3076923076923075
J,simplified,nominal_nominal_n13_d04_r06,13,4,5247.043108,403.6187006153846,13,306.3110083872988,77.6923076923077,14.384615384615385,5.0,0.23076923076923078
J,v5,nominal_nominal_n13_d04_r06,13,4,5270.585649,405.4296653076923,13,308.12197313765137,77.6923076923077,14.384615384615385,5.0,0.23076923076923078
J,simplified,nominal_nominal_n13_d04_r07,13,4,5372.443678,413.2648983076923,13,301.1879751117221,90.0,16.615384615384617,5.0,0.46153846153846156
J,v5,nominal_nominal_n13_d04_r07,13,4,5381.389004,413.95300030769226,13,301.87607715662637,90.0,16.615384615384617,5.0,0.46153846153846156
J,simplified,nominal_nominal_n13_d04_r08,13,4,4908.405461,377.5696508461539,13,287.0311892869009,71.53846153846153,13.076923076923077,5.0,0.9230769230769231
J,v5,nominal_nominal_n13_d04_r08,13,4,4945.493579,380.422583,13,289.49950604378057,71.92307692307692,13.076923076923077,5.0,0.9230769230769231
J,simplified,nominal_nominal_n13_d04_r09,13,4,5189.352759,399.18098146153847,13,292.18098150101883,85.38461538461539,15.692307692307692,5.0,0.9230769230769231
J,v5,nominal_nominal_n13_d04_r09,13,4,5189.352759,399.18098146153847,13,292.18098150101883,85.38461538461539,15.692307692307692,5.0,0.9230769230769231
J,simplified,nominal_nominal_n13_d04_r10,13,4,5192.331751,399.4101346923077,13,296.02551954249896,80.76923076923077,15.076923076923077,5.0,2.5384615384615383
J,v5,nominal_nominal_n13_d04_r10,13,4,5196.787032,399.7528486153846,13,296.36823342096886,80.76923076923077,15.076923076923077,5.0,2.5384615384615383
J,simplified,nominal_nominal_n13_d04_r11,13,4,5228.528094,402.1944687692308,13,297.9636996490185,83.07692307692308,15.461538461538462,5.0,0.6923076923076923
J,v5,nominal_nominal_n13_d04_r11,13,4,5228.528094,402.1944687692308,13,297.9636996490185,83.07692307692308,15.461538461538462,5.0,0.6923076923076923
J,simplified,nominal_nominal_n13_d04_r12,13,4,5278.342981,406.02638315384615,13,296.1802294940812,88.07692307692308,16.076923076923077,5.0,0.6923076923076923
J,v5,nominal_nominal_n13_d04_r12,13,4,5372.855299,413.29656146153843,13,302.9119459597497,88.46153846153847,16.23076923076923,5.0,0.6923076923076923
J,simplified,nominal_nominal_n13_d04_r13,13,4,5450.257785,419.2505988461538,13,312.096752610203,85.38461538461539,15.846153846153847,5.0,0.9230769230769231
J,v5,nominal_nominal_n13_d04_r13,13,4,5450.257785,419.2505988461538,13,312.096752610203,85.38461538461539,15.846153846153847,5.0,0.9230769230769231
J,simplified,nominal_nominal_n13_d04_r14,13,4,4920.336031,378.487387,13,283.48738691068263,74.61538461538461,13.76923076923077,5.0,1.6153846153846154
J,v5,nominal_nominal_n13_d04_r14,13,4,4974.241757,382.6339813076923,13,286.40321224623466,75.0,13.923076923076923,5.0,2.3076923076923075
J,simplified,nominal_nominal_n13_d04_r15,13,4,4975.260013,382.7123086923077,13,284.9430781808856,76.92307692307692,14.23076923076923,5.0,1.6153846153846154
J,v5,nominal_nominal_n13_d04_r15,13,4,4980.498791,383.1152916153846,13,285.1152917473277,76.92307692307692,14.23076923076923,5.0,1.8461538461538463
J,simplified,nominal_nominal_n13_d04_r16,13,4,5341.805723,410.9081325384616,13,311.3696710041826,79.61538461538461,14.692307692307692,5.0,0.23076923076923078
J,v5,nominal_nominal_n13_d04_r16,13,4,5370.629603,413.1253540769231,13,313.5868925006011,79.61538461538461,14.692307692307692,5.0,0.23076923076923078
J,simplified,nominal_nominal_n13_d04_r17,13,4,5001.546939,384.7343799230769,13,290.11899545859166,74.61538461538461,13.615384615384615,5.0,1.3846153846153846
J,v5,nominal_nominal_n13_d04_r17,13,4,5001.546939,384.7343799230769,13,290.11899545859166,74.61538461538461,13.615384615384615,5.0,1.3846153846153846
J,simplified,nominal_nominal_n13_d04_r18,13,4,5025.644516,386.5880396923077,13,297.35727044783414,70.38461538461539,12.923076923076923,5.0,0.9230769230769231
J,v5,nominal_nominal_n13_d04_r18,13,4,5025.644516,386.5880396923077,13,297.35727044783414,70.38461538461539,12.923076923076923,5.0,0.9230769230769231
J,simplified,nominal_nominal_n13_d04_r19,13,4,5033.925506,387.2250389230769,13,296.455808191616,71.92307692307692,13.153846153846153,5.0,0.6923076923076923
J,v5,nominal_nominal_n13_d04_r19,13,4,5033.925506,387.2250389230769,13,296.455808191616,71.92307692307692,13.153846153846153,5.0,0.6923076923076923
J,simplified,nominal_nominal_n13_d04_r20,13,4,5093.125511,391.7788854615385,13,297.62503924179157,74.61538461538461,13.615384615384615,5.0,0.9230769230769231
J,v5,nominal_nominal_n13_d04_r20,13,4,5130.898071,394.684467,13,300.5306208812317,74.61538461538461,13.615384615384615,5.0,0.9230769230769231
J,simplified,nominal_nominal_n13_d04_r21,13,4,5243.059539,403.3122722307692,13,289.31227219516046,90.38461538461539,16.53846153846154,5.0,2.076923076923077
J,v5,nominal_nominal_n13_d04_r21,13,4,5274.569197,405.73609207692306,13,291.8130149986647,90.0,16.615384615384617,5.0,2.3076923076923075
J,simplified,nominal_nominal_n13_d04_r22,13,4,5115.790443,393.52234176923076,13,293.59926507859444,78.07692307692308,14.538461538461538,5.0,2.3076923076923075
J,v5,nominal_nominal_n13_d04_r22,13,4,5115.790443,393.52234176923076,13,293.59926507859444,78.07692307692308,14.538461538461538,5.0,2.3076923076923075
J,simplified,nominal_nominal_n13_d04_r23,13,4,5408.113095,416.0086996153846,13,314.3163919483225,80.76923076923077,14.76923076923077,5.0,1.1538461538461537
J,v5,nominal_nominal_n13_d04_r23,13,4,5408.113095,416.0086996153846,13,314.3163919483225,80.76923076923077,14.76923076923077,5.0,1.1538461538461537
J,simplified,nominal_nominal_n13_d04_r24,13,4,4899.442672,376.88020553846155,13,286.41866692955375,70.76923076923077,12.846153846153847,5.0,1.8461538461538463
J,v5,nominal_nominal_n13_d04_r24,13,4,4910.85878,377.7583676923077,13,287.29682914638465,70.76923076923077,12.846153846153847,5.0,1.8461538461538463
J,simplified,nominal_nominal_n13_d04_r25,13,4,5080.217445,390.78595730769234,13,294.1705724217657,76.53846153846153,13.923076923076923,5.0,1.1538461538461537
J,v5,nominal_nominal_n13_d04_r25,13,4,5089.582617,391.50635515384613,13,295.12173953333865,76.53846153846153,13.923076923076923,5.0,0.9230769230769231
J,simplified,nominal_nominal_n13_d04_r26,13,4,5006.9999,385.15383846153844,13,290.61537704222724,74.23076923076923,13.461538461538462,5.0,1.8461538461538463
J,v5,nominal_nominal_n13_d04_r26,13,4,5006.9999,385.15383846153844,13,290.61537704222724,74.23076923076923,13.461538461538462,5.0,1.8461538461538463
J,simplified,nominal_nominal_n13_d04_r27,13,4,5391.838949,414.7568422307692,13,313.602996091816,80.38461538461539,14.615384615384615,5.0,1.1538461538461537
J,v5,nominal_nominal_n13_d04_r27,13,4,5410.975406,416.2288773846154,13,317.6904157940627,78.46153846153847,14.153846153846153,5.0,0.9230769230769231
J,simplified,nominal_nominal_n13_d04_r28,13,4,5224.065136,401.85116430769233,13,304.3896260058485,75.76923076923077,13.923076923076923,5.0,2.769230769230769
J,v5,nominal_nominal_n13_d04_r28,13,4,5194.819319,399.6014860769231,13,302.13994796627827,75.76923076923077,13.923076923076923,5.0,2.769230769230769
J,simplified,nominal_nominal_n13_d04_r29,13,4,5103.105906,392.54660815384614,13,297.2389157326412,75.38461538461539,13.76923076923077,5.0,1.1538461538461537
J,v5,nominal_nominal_n13_d04_r29,13,4,5110.621346,393.1247189230769,13,298.7401033937668,75.0,13.692307692307692,5.0,0.6923076923076923
J,simplified,nominal_nominal_n13_d05_r00,13,5,5162.808359,397.13910453846154,13,295.985258574077,79.61538461538461,14.692307692307692,5.0,1.8461538461538463
J,v5,nominal_nominal_n13_d05_r00,13,5,5174.134923,398.01037869230765,13,296.6257635213082,79.61538461538461,14.692307692307692,5.0,2.076923076923077
J,simplified,nominal_nominal_n13_d05_r01,13,5,5490.811934,422.3701487692308,13,314.83168745635305,86.53846153846153,15.76923076923077,5.0,0.23076923076923078
J,v5,nominal_nominal_n13_d05_r01,13,5,5536.207201,425.8620923846154,13,317.6313234562559,86.92307692307692,15.846153846153847,5.0,0.46153846153846156
J,simplified,nominal_nominal_n13_d05_r02,13,5,5143.376134,395.644318,13,290.7981642682571,83.07692307692308,15.384615384615385,5.0,1.3846153846153846
J,v5,nominal_nominal_n13_d05_r02,13,5,5141.032379,395.4640291538462,13,290.6178754644367,83.07692307692308,15.384615384615385,5.0,1.3846153846153846
J,simplified,nominal_nominal_n13_d05_r03,13,5,5012.755247,385.59655746153845,13,289.9811730130317,76.15384615384616,13.76923076923077,5.0,0.6923076923076923
J,v5,nominal_nominal_n13_d05_r03,13,5,5018.511925,386.03937884615385,13,290.42399438920586,76.15384615384616,13.76923076923077,5.0,0.6923076923076923
J,simplified,nominal_nominal_n13_d05_r04,13,5,5152.176367,396.321259,13,297.93664344660704,78.07692307692308,14.153846153846153,5.0,1.1538461538461537
J,v5,nominal_nominal_n13_d05_r04,13,5,5157.234206,396.7103235384615,13,298.32570811950166,78.07692307692308,14.153846153846153,5.0,1.1538461538461537
J,simplified,nominal_nominal_n13_d05_r05,13,5,5219.536517,401.50280899999996,13,294.3489627551498,85.38461538461539,15.846153846153847,5.0,0.9230769230769231
J,v5,nominal_nominal_n13_d05_r05,13,5,5255.400142,404.2615493846154,13,295.8000108173567,86.15384615384616,15.923076923076923,5.0,1.3846153846153846
J,simplified,nominal_nominal_n13_d05_r06,13,5,4791.141018,368.5493090769231,13,281.16469401028246,68.46153846153847,12.538461538461538,5.0,1.3846153846153846
J,v5,nominal_nominal_n13_d05_r06,13,5,4791.141018,368.5493090769231,13,281.16469401028246,68.46153846153847,12.538461538461538,5.0,1.3846153846153846
J,simplified,nominal_nominal_n13_d05_r07,13,5,5390.630738,414.66390292307693,13,291.27928765478777,99.23076923076923,18.23076923076923,5.0,0.9230769230769231
J,v5,nominal_nominal_n13_d05_r07,13,5,5435.83969,418.1415146153846,13,294.5261300427643,99.23076923076923,18.23076923076923,5.0,1.1538461538461537
J,simplified,nominal_nominal_n13_d05_r08,13,5,5194.085993,399.54507638461536,13,301.6989224854,76.92307692307692,14.076923076923077,5.0,1.8461538461538463
J,v5,nominal_nominal_n13_d05_r08,13,5,5190.363506,399.25873123076923,13,301.4125773618937,76.92307692307692,14.076923076923077,5.0,1.8461538461538463
J,simplified,nominal_nominal_n13_d05_r09,13,5,5434.306371,418.02356699999996,13,306.02356697636355,88.46153846153847,16.692307692307693,5.0,1.8461538461538463
J,v5,nominal_nominal_n13_d05_r09,13,5,5434.936103,418.0720079230769,13,304.84123876260855,89.61538461538461,17.0,5.0,1.6153846153846154
J,simplified,nominal_nominal_n13_d05_r10,13,5,5056.373588,388.9518144615385,13,292.10566070743397,76.15384615384616,14.076923076923077,5.0,1.6153846153846154
J,v5,nominal_nominal_n13_d05_r10,13,5,5103.327832,392.5636793846154,13,295.7175256291962,76.15384615384616,14.076923076923077,5.0,1.6153846153846154
J,simplified,nominal_nominal_n13_d05_r11,13,5,5034.862909,387.29714684615385,13,288.9894542254733,78.46153846153847,14.384615384615385,5.0,0.46153846153846156
J,v5,nominal_nominal_n13_d05_r11,13,5,5206.796766,400.5228281538462,13,290.368982018135,88.07692307692308,16.384615384615383,5.0,0.6923076923076923
J,simplified,nominal_nominal_n13_d05_r12,13,5,5090.274347,391.5595651538461,13,295.02110352436034,76.15384615384616,14.0,5.0,1.3846153846153846
J,v5,nominal_nominal_n13_d05_r12,13,5,5098.613391,392.2010300769231,13,295.893337672689,76.15384615384616,14.0,5.0,1.1538461538461537
J,simplified,nominal_nominal_n13_d05_r13,13,5,4993.641447,384.12626515384613,13,291.5108804516339,73.46153846153847,13.23076923076923,5.0,0.9230769230769231
J,v5,nominal_nominal_n13_d05_r13,13,5,5001.733929,384.7487637692308,13,292.1333791230585,73.46153846153847,13.23076923076923,5.0,0.9230769230769231
J,simplified,nominal_nominal_n13_d05_r14,13,5,5139.521606,395.3478158461539,13,297.9632005599061,77.6923076923077,14.23076923076923,5.0,0.46153846153846156
J,v5,nominal_nominal_n13_d05_r14,13,5,5155.222604,396.5555849230769,13,299.170969617184,77.6923076923077,14.23076923076923,5.0,0.46153846153846156
J,simplified,nominal_nominal_n13_d05_r15,13,5,5178.175834,398.321218,13,297.32121802578456,80.38461538461539,14.923076923076923,5.0,0.6923076923076923
J,v5,nominal_nominal_n13_d05_r15,13,5,5178.175834,398.321218,13,297.32121802578456,80.38461538461539,14.923076923076923,5.0,0.6923076923076923
J,simplified,nominal_nominal_n13_d05_r16,13,5,5361.167746,412.3975189230769,13,306.9359805806354,83.46153846153847,15.384615384615385,5.0,1.6153846153846154
J,v5,nominal_nominal_n13_d05_r16,13,5,5361.167746,412.3975189230769,13,306.9359805806354,83.46153846153847,15.384615384615385,5.0,1.6153846153846154
J,simplified,nominal_nominal_n13_d05_r17,13,5,5292.203554,407.09258107692307,13,304.09258114973784,82.6923076923077,15.076923076923077,5.0,0.23076923076923078
J,v5,nominal_nominal_n13_d05_r17,13,5,5327.791587,409.83012207692303,13,306.83012206594077,82.6923076923077,15.076923076923077,5.0,0.23076923076923078
J,simplified,nominal_nominal_n13_d05_r18,13,5,5127.99464,394.4611261538461,13,291.3072801315865,81.92307692307692,15.307692307692308,5.0,0.9230769230769231
J,v5,nominal_nominal_n13_d05_r18,13,5,5153.188908,396.39914676923075,13,293.2453006813422,81.92307692307692,15.307692307692308,5.0,0.9230769230769231
J,simplified,nominal_nominal_n13_d05_r19,13,5,4913.950515,377.9961934615385,13,280.0731162921162,76.92307692307692,14.153846153846153,5.0,1.8461538461538463
J,v5,nominal_nominal_n13_d05_r19,13,5,4932.496525,379.4228096153846,13,281.73050160366404,76.92307692307692,14.153846153846153,5.0,1.6153846153846154
J,simplified,nominal_nominal_n13_d05_r20,13,5,5048.237076,388.32592892307696,13,287.24900584615096,78.84615384615384,14.692307692307692,5.0,2.5384615384615383
J,v5,nominal_nominal_n13_d05_r20,13,5,5078.640131,390.6646254615385,13,289.20308703952225,79.23076923076923,14.692307692307692,5.0,2.5384615384615383
J,simplified,nominal_nominal_n13_d05_r21,13,5,5164.392169,397.26093607692303,13,301.4917052457569,76.15384615384616,13.692307692307692,5.0,0.9230769230769231
J,v5,nominal_nominal_n13_d05_r21,13,5,5175.482459,398.1140353076923,13,302.3448044506057,76.15384615384616,13.692307692307692,5.0,0.9230769230769231
J,simplified,nominal_nominal_n13_d05_r22,13,5,5608.567268,431.42825138461535,13,324.96671319962854,85.0,15.76923076923077,5.0,0.6923076923076923
J,v5,nominal_nominal_n13_d05_r22,13,5,5608.567268,431.42825138461535,13,324.96671319962854,85.0,15.76923076923077,5.0,0.6923076923076923
J,simplified,nominal_nominal_n13_d05_r23,13,5,5029.719967,386.90153592307695,13,291.3630744117887,75.38461538461539,14.0,5.0,1.1538461538461537
J,v5,nominal_nominal_n13_d05_r23,13,5,5029.719967,386.90153592307695,13,291.3630744117887,75.38461538461539,14.0,5.0,1.1538461538461537
J,simplified,nominal_nominal_n13_d05_r24,13,5,5033.983107,387.2294697692308,13,293.3063930271495,74.61538461538461,13.615384615384615,5.0,0.6923076923076923
J,v5,nominal_nominal_n13_d05_r24,13,5,5051.032966,388.54099738461537,13,294.6179206580746,74.61538461538461,13.615384615384615,5.0,0.6923076923076923
J,simplified,nominal_nominal_n13_d05_r25,13,5,5084.591572,391.12242861538465,13,287.5839671158279,82.3076923076923,15.076923076923077,5.0,1.1538461538461537
J,v5,nominal_nominal_n13_d05_r25,13,5,5104.694269,392.6687899230769,13,289.13032845595717,82.3076923076923,15.076923076923077,5.0,1.1538461538461537
J,simplified,nominal_nominal_n13_d05_r26,13,5,4959.79517,381.5227053846154,13,286.3688592733693,75.0,13.538461538461538,5.0,1.6153846153846154
J,v5,nominal_nominal_n13_d05_r26,13,5,4976.534689,382.8103606923077,13,288.04113000383455,74.61538461538461,13.538461538461538,5.0,1.6153846153846154
J,simplified,nominal_nominal_n13_d05_r27,13,5,5402.750376,415.5961827692308,13,305.51925994642835,87.3076923076923,16.153846153846153,5.0,1.6153846153846154
J,v5,nominal_nominal_n13_d05_r27,13,5,5467.84068,420.60312923076924,13,309.83389857139866,87.6923076923077,16.23076923076923,5.0,1.8461538461538463
J,simplified,nominal_nominal_n13_d05_r28,13,5,5303.448738,407.95759523076924,13,312.4191337484282,75.38461538461539,13.76923076923077,5.0,1.3846153846153846
J,v5,nominal_nominal_n13_d05_r28,13,5,5320.85652,409.2966553846154,13,313.7581938389357,75.38461538461539,13.76923076923077,5.0,1.3846153846153846
J,simplified,nominal_nominal_n13_d05_r29,13,5,5435.366833,418.105141,13,296.2589869739832,97.3076923076923,18.153846153846153,5.0,1.3846153846153846
J,v5,nominal_nominal_n13_d05_r29,13,5,5471.889024,420.91454030769233,13,299.37607880642065,97.3076923076923,18.076923076923077,5.0,1.1538461538461537
J,simplified,nominal_nominal_n13_d06_r00,13,6,5111.364373,393.18187484615385,13,287.6434136590295,83.84615384615384,15.538461538461538,5.0,1.1538461538461537
J,v5,nominal_nominal_n13_d06_r00,13,6,5111.364373,393.18187484615385,13,287.6434136590295,83.84615384615384,15.538461538461538,5.0,1.1538461538461537
J,simplified,nominal_nominal_n13_d06_r01,13,6,5335.760635,410.44312576923073,13,293.4431257363525,93.07692307692308,17.307692307692307,5.0,1.6153846153846154
J,v5,nominal_nominal_n13_d06_r01,13,6,5348.929167,411.4560897692308,13,294.4560898188816,93.07692307692308,17.307692307692307,5.0,1.6153846153846154
J,simplified,nominal_nominal_n13_d06_r02,13,6,5034.527855,387.2713734615385,13,287.8867579977431,78.07692307692308,14.461538461538462,5.0,1.8461538461538463
J,v5,nominal_nominal_n13_d06_r02,13,6,5046.299476,388.17688276923076,13,288.79226731117564,78.07692307692308,14.461538461538462,5.0,1.8461538461538463
J,simplified,nominal_nominal_n13_d06_r03,13,6,5147.220941,395.94007238461535,13,289.7862262078897,85.0,15.692307692307692,5.0,0.46153846153846156
J,v5,nominal_nominal_n13_d06_r03,13,6,5209.594352,400.73802707692306,13,294.58418095520045,85.0,15.692307692307692,5.0,0.46153846153846156
J,simplified,nominal_nominal_n13_d06_r04,13,6,5103.034387,392.54110669230766,13,292.07956797246067,79.23076923076923,14.384615384615385,5.0,1.8461538461538463
J,v5,nominal_nominal_n13_d06_r04,13,6,5106.832748,392.83328830769227,13,292.37174963356995,79.23076923076923,14.384615384615385,5.0,1.8461538461538463
J,simplified,nominal_nominal_n13_d06_r05,13,6,5199.008879,399.92375992307694,13,287.7699138373403,89.23076923076923,16.53846153846154,5.0,1.3846153846153846
J,v5,nominal_nominal_n13_d06_r05,13,6,5199.008879,399.92375992307694,13,287.7699138373403,89.23076923076923,16.53846153846154,5.0,1.3846153846153846
J,simplified,nominal_nominal_n13_d06_r06,13,6,5109.641204,393.0493233846154,13,297.4339388575643,76.15384615384616,14.0,5.0,0.46153846153846156
J,v5,nominal_nominal_n13_d06_r06,13,6,5109.641204,393.0493233846154,13,297.4339388575643,76.15384615384616,14.0,5.0,0.46153846153846156
J,simplified,nominal_nominal_n13_d06_r07,13,6,5360.543678,412.3495136923077,13,314.11874453299856,78.46153846153847,14.307692307692308,5.0,0.46153846153846156
J,v5,nominal_nominal_n13_d06_r07,13,6,5365.872865,412.75945115384616,13,316.99022057351795,76.15384615384616,13.923076923076923,5.0,0.6923076923076923
J,simplified,nominal_nominal_n13_d06_r08,13,6,5514.460337,424.1892566923077,13,318.49694898225215,83.46153846153847,15.384615384615385,5.0,1.8461538461538463
J,v5,nominal_nominal_n13_d06_r08,13,6,5529.219729,425.32459453846155,13,319.632286967104,83.46153846153847,15.384615384615385,5.0,1.8461538461538463
J,simplified,nominal_nominal_n13_d06_r09,13,6,5003.823075,384.90946730769235,13,292.75562130903563,73.46153846153847,13.461538461538462,5.0,0.23076923076923078
J,v5,nominal_nominal_n13_d06_r09,13,6,5003.823075,384.90946730769235,13,292.75562130903563,73.46153846153847,13.461538461538462,5.0,0.23076923076923078
J,simplified,nominal_nominal_n13_d06_r10,13,6,5047.239483,388.249191,13,298.1722681067512,70.76923076923077,12.923076923076923,5.0,1.3846153846153846
J,v5,nominal_nominal_n13_d06_r10,13,6,5072.226752,390.1712886153846,13,299.8635964929136,70.76923076923077,12.923076923076923,5.0,1.6153846153846154
J,simplified,nominal_nominal_n13_d06_r11,13,6,5273.541553,405.65704253846155,13,304.041658093912,81.53846153846153,14.846153846153847,5.0,0.23076923076923078
J,v5,nominal_nominal_n13_d06_r11,13,6,5294.78055,407.2908115384616,13,305.906196157996,81.53846153846153,14.846153846153847,5.0,0.0
J,simplified,nominal_nominal_n13_d06_r12,13,6,5234.153448,402.62718830769234,13,295.62718836481895,85.76923076923077,15.76923076923077,5.0,0.46153846153846156
J,v5,nominal_nominal_n13_d06_r12,13,6,5281.365245,406.258865,13,299.258864931323,85.76923076923077,15.76923076923077,5.0,0.46153846153846156
J,simplified,nominal_nominal_n13_d06_r13,13,6,5408.487563,416.0375048461538,13,310.9605816010526,83.46153846153847,15.23076923076923,5.0,1.3846153846153846
J,v5,nominal_nominal_n13_d06_r13,13,6,5432.701914,417.9001472307692,13,312.8232240721014,83.46153846153847,15.23076923076923,5.0,1.3846153846153846
J,simplified,nominal_nominal_n13_d06_r14,13,6,5145.559449,395.8122653076923,13,295.65841942385697,78.84615384615384,14.692307692307692,5.0,1.6153846153846154
J,v5,nominal_nominal_n13_d06_r14,13,6,5145.559449,395.8122653076923,13,295.65841942385697,78.84615384615384,14.692307692307692,5.0,1.6153846153846154
J,simplified,nominal_nominal_n13_d06_r15,13,6,5341.505851,410.88506546153843,13,306.65429651893953,83.07692307692308,15.461538461538462,5.0,0.6923076923076923
J,v5,nominal_nominal_n13_d06_r15,13,6,5360.328576,412.33296738461536,13,308.10219843907805,83.07692307692308,15.461538461538462,5.0,0.6923076923076923
J,simplified,nominal_nominal_n13_d06_r16,13,6,5486.976432,422.0751101538462,13,303.76741775970646,95.38461538461539,17.692307692307693,5.0,0.23076923076923078
J,v5,nominal_nominal_n13_d06_r16,13,6,5537.423024,425.95561723076923,13,307.2633095553964,95.76923076923077,17.692307692307693,5.0,0.23076923076923078
J,simplified,nominal_nominal_n13_d06_r17,13,6,5320.996332,409.30741015384615,13,308.76894852743004,80.0,14.846153846153847,5.0,0.6923076923076923
J,v5,nominal_nominal_n13_d06_r17,13,6,5320.996332,409.30741015384615,13,308.76894852743004,80.0,14.846153846153847,5.0,0.6923076923076923
J,simplified,nominal_nominal_n13_d06_r18,13,6,5457.261543,419.78934946153845,13,307.7124261568867,88.84615384615384,16.615384615384617,5.0,1.6153846153846154
J,v5,nominal_nominal_n13_d06_r18,13,6,5520.668211,424.6667854615385,13,312.2052468000485,89.23076923076923,16.615384615384617,5.0,1.6153846153846154
J,simplified,nominal_nominal_n13_d06_r19,13,6,4967.744709,382.13420838461536,13,288.6726699555341,74.61538461538461,13.615384615384615,5.0,0.23076923076923078
J,v5,nominal_nominal_n13_d06_r19,13,6,5018.575056,386.04423507692303,13,292.35192743729647,74.61538461538461,13.615384615384615,5.0,0.46153846153846156
J,simplified,nominal_nominal_n13_d06_r20,13,6,5687.684474,437.5141903076923,13,323.05265190337013,91.92307692307692,17.076923076923077,5.0,0.46153846153846156
J,v5,nominal_nominal_n13_d06_r20,13,6,5743.85439,441.8349530769231,13,327.1426454260888,91.92307692307692,17.076923076923077,5.0,0.6923076923076923
J,simplified,nominal_nominal_n13_d06_r21,13,6,5299.645916,407.6650704615385,13,297.5112244533669,88.46153846153847,16.0,5.0,0.6923076923076923
J,v5,nominal_nominal_n13_d06_r21,13,6,5287.296345,406.71510346153843,13,298.1766420370723,86.15384615384616,16.0,5.0,1.3846153846153846
J,simplified,nominal_nominal_n13_d06_r22,13,6,5366.05403,412.77338692307694,13,309.23492555981267,82.6923076923077,15.153846153846153,5.0,0.6923076923076923
J,v5,nominal_nominal_n13_d06_r22,13,6,5389.774583,414.59804484615387,13,310.8288141152133,82.6923076923077,15.153846153846153,5.0,0.9230769230769231
J,simplified,nominal_nominal_n13_d06_r23,13,6,5992.602695,460.96943807692304,13,326.20020724928844,107.6923076923077,20.23076923076923,5.0,1.8461538461538463
J,v5,nominal_nominal_n13_d06_r23,13,6,5896.470082,453.5746216923077,13,319.3438523972015,107.6923076923077,20.153846153846153,5.0,1.3846153846153846
J,simplified,nominal_nominal_n13_d06_r24,13,6,4926.697702,378.97674630769234,13,286.20751554093016,72.6923076923077,13.461538461538462,5.0,1.6153846153846154
J,v5,nominal_nominal_n13_d06_r24,13,6,4946.785307,380.5219466923077,13,287.7527160008288,72.6923076923077,13.461538461538462,5.0,1.6153846153846154
J,simplified,nominal_nominal_n13_d06_r25,13,6,5120.911078,393.91623676923075,13,297.2239290861292,76.92307692307692,14.076923076923077,5.0,0.6923076923076923
J,v5,nominal_nominal_n13_d06_r25,13,6,5120.911078,393.91623676923075,13,297.2239290861292,76.92307692307692,14.076923076923077,5.0,0.6923076923076923
J,simplified,nominal_nominal_n13_d06_r26,13,6,5163.384749,397.18344223076923,13,283.5680576228665,90.38461538461539,17.076923076923077,5.0,1.1538461538461537
J,v5,nominal_nominal_n13_d06_r26,13,6,5379.386119,413.7989322307692,13,308.4912400756352,83.84615384615384,15.538461538461538,5.0,0.9230769230769231
J,simplified,nominal_nominal_n13_d06_r27,13,6,5182.810708,398.6777467692308,13,294.98543895545737,82.6923076923077,15.076923076923077,5.0,0.9230769230769231
J,v5,nominal_nominal_n13_d06_r27,13,6,5224.797034,401.90746415384615,13,296.3690025815479,83.84615384615384,15.307692307692308,5.0,1.3846153846153846
J,simplified,nominal_nominal_n13_d06_r28,13,6,4908.514494,377.578038,13,288.8088071590099,69.61538461538461,12.76923076923077,5.0,1.3846153846153846
J,v5,nominal_nominal_n13_d06_r28,13,6,4908.514494,377.578038,13,288.8088071590099,69.61538461538461,12.76923076923077,5.0,1.3846153846153846
J,simplified,nominal_nominal_n13_d06_r29,13,6,5046.774013,388.21338561538465,13,292.05953950345804,75.38461538461539,13.692307692307692,5.0,2.076923076923077
J,v5,nominal_nominal_n13_d06_r29,13,6,5039.411668,387.64705138461534,13,290.72397450835575,75.76923076923077,13.846153846153847,5.0,2.3076923076923075
J,simplified,nominal_nominal_n13_d07_r00,13,7,5491.130315,422.3946396153846,13,318.93310099493897,81.53846153846153,14.846153846153847,5.0,2.076923076923077
J,v5,nominal_nominal_n13_d07_r00,13,7,5497.664941,422.89730315384617,13,319.43576468338654,81.53846153846153,14.846153846153847,5.0,2.076923076923077
J,simplified,nominal_nominal_n13_d07_r01,13,7,5187.667799,399.05136915384617,13,297.0513691139918,81.15384615384616,14.923076923076923,5.0,0.9230769230769231
J,v5,nominal_nominal_n13_d07_r01,13,7,5208.340172,400.6415516923077,13,299.41078247050723,80.76923076923077,14.76923076923077,5.0,0.6923076923076923
J,simplified,nominal_nominal_n13_d07_r02,13,7,5203.434508,400.26419292307696,13,304.87957743117363,76.15384615384616,13.76923076923077,5.0,0.46153846153846156
J,v5,nominal_nominal_n13_d07_r02,13,7,5203.434508,400.26419292307696,13,304.87957743117363,76.15384615384616,13.76923076923077,5.0,0.46153846153846156
J,simplified,nominal_nominal_n13_d07_r03,13,7,5556.01607,427.3858515384615,13,315.6166206852876,90.0,16.53846153846154,5.0,0.23076923076923078
J,v5,nominal_nominal_n13_d07_r03,13,7,5545.907217,426.60824746153844,13,317.146708998653,87.6923076923077,16.307692307692307,5.0,0.46153846153846156
J,simplified,nominal_nominal_n13_d07_r04,13,7,5216.378911,401.2599162307692,13,302.8753006641423,77.3076923076923,14.23076923076923,5.0,1.8461538461538463
J,v5,nominal_nominal_n13_d07_r04,13,7,5265.727309,405.05594684615386,13,306.67133123822424,77.3076923076923,14.23076923076923,5.0,1.8461538461538463
J,simplified,nominal_nominal_n13_d07_r05,13,7,5015.904623,385.8388171538462,13,294.37727890316296,72.3076923076923,13.23076923076923,5.0,0.9230769230769231
J,v5,nominal_nominal_n13_d07_r05,13,7,5015.904623,385.8388171538462,13,294.37727890316296,72.3076923076923,13.23076923076923,5.0,0.9230769230769231
J,simplified,nominal_nominal_n13_d07_r06,13,7,5237.063865,402.85106653846157,13,295.0818359101334,85.0,15.923076923076923,5.0,1.8461538461538463
J,v5,nominal_nominal_n13_d07_r06,13,7,5237.063865,402.85106653846157,13,295.0818359101334,85.0,15.923076923076923,5.0,1.8461538461538463
J,simplified,nominal_nominal_n13_d07_r07,13,7,5174.367785,398.02829115384617,13,293.41290667803474,82.3076923076923,15.23076923076923,5.0,2.076923076923077
J,v5,nominal_nominal_n13_d07_r07,13,7,5174.367785,398.02829115384617,13,293.41290667803474,82.3076923076923,15.23076923076923,5.0,2.076923076923077
J,simplified,nominal_nominal_n13_d07_r08,13,7,5469.516248,420.73201907692305,13,299.27048079989777,96.53846153846153,18.076923076923077,5.0,1.8461538461538463
J,v5,nominal_nominal_n13_d07_r08,13,7,5485.923148,421.9940883076923,13,300.53255017985066,96.53846153846153,18.076923076923077,5.0,1.8461538461538463
J,simplified,nominal_nominal_n13_d07_r09,13,7,5031.251915,387.0193780769231,13,282.8655321125704,83.46153846153847,15.23076923076923,5.0,0.46153846153846156
J,v5,nominal_nominal_n13_d07_r09,13,7,4994.43536,384.18733538461544,13,286.03348942122597,78.07692307692308,14.153846153846153,5.0,0.9230769230769231
J,simplified,nominal_nominal_n13_d07_r10,13,7,5371.710654,413.2085118461539,13,310.20851181998444,82.3076923076923,15.0,5.0,0.6923076923076923
J,v5,nominal_nominal_n13_d07_r10,13,7,5415.84642,416.60357076923077,13,312.14203217729266,83.46153846153847,15.307692307692308,5.0,0.6923076923076923
J,simplified,nominal_nominal_n13_d07_r11,13,7,5251.651806,403.97321584615383,13,305.97321585202474,77.3076923076923,14.076923076923077,5.0,1.6153846153846154
J,v5,nominal_nominal_n13_d07_r11,13,7,5251.651806,403.97321584615383,13,305.97321585202474,77.3076923076923,14.076923076923077,5.0,1.6153846153846154
J,simplified,nominal_nominal_n13_d07_r12,13,7,5206.538352,400.50295015384614,13,300.27218085755436,78.46153846153847,14.692307692307692,5.0,2.076923076923077
J,v5,nominal_nominal_n13_d07_r12,13,7,5244.728745,403.4406726923077,13,303.20990341671376,78.46153846153847,14.692307692307692,5.0,2.076923076923077
J,simplified,nominal_nominal_n13_d07_r13,13,7,5185.471811,398.882447,13,295.49783160747444,81.92307692307692,15.076923076923077,5.0,1.3846153846153846
J,v5,nominal_nominal_n13_d07_r13,13,7,5207.334346,400.56418046153846,13,296.9487959338221,81.92307692307692,15.076923076923077,5.0,1.6153846153846154
J,simplified,nominal_nominal_n13_d07_r14,13,7,5577.502756,429.0386735384615,13,297.88482731014363,105.76923076923077,19.692307692307693,5.0,0.6923076923076923
J,v5,nominal_nominal_n13_d07_r14,13,7,5295.117921,407.3167631538462,13,293.3167632225293,91.15384615384616,16.923076923076923,5.0,0.9230769230769231
J,simplified,nominal_nominal_n13_d07_r15,13,7,5565.986668,428.1528206153846,13,314.229743921257,90.76923076923077,17.0,5.0,1.1538461538461537
J,v5,nominal_nominal_n13_d07_r15,13,7,5575.691222,428.8993247692308,13,314.97624812205356,90.76923076923077,17.0,5.0,1.1538461538461537
J,simplified,nominal_nominal_n13_d07_r16,13,7,5126.431908,394.340916,13,293.34091604286704,79.61538461538461,14.538461538461538,5.0,1.8461538461538463
J,v5,nominal_nominal_n13_d07_r16,13,7,5139.147403,395.319031,13,294.3190310071837,79.61538461538461,14.538461538461538,5.0,1.8461538461538463
J,simplified,nominal_nominal_n13_d07_r17,13,7,5219.306224,401.48509415384615,13,293.17740201961885,86.53846153846153,15.846153846153847,5.0,0.9230769230769231
J,v5,nominal_nominal_n13_d07_r17,13,7,5230.998956,402.3845350769231,13,294.6153044846351,86.53846153846153,15.76923076923077,5.0,0.46153846153846156
J,simplified,nominal_nominal_n13_d07_r18,13,7,5154.970578,396.53619830769236,13,288.9977367552773,86.15384615384616,15.692307692307692,5.0,0.6923076923076923
J,v5,nominal_nominal_n13_d07_r18,13,7,5203.534234,400.27186415384614,13,292.7334027093199,86.15384615384616,15.692307692307692,5.0,0.6923076923076923
J,simplified,nominal_nominal_n13_d07_r19,13,7,5187.796169,399.06124376923077,13,291.3689361896286,84.61538461538461,15.538461538461538,5.0,2.5384615384615383
J,v5,nominal_nominal_n13_d07_r19,13,7,5218.479325,401.4214865384616,13,293.95994828140897,84.61538461538461,15.538461538461538,5.0,2.3076923076923075
J,simplified,nominal_nominal_n13_d07_r20,13,7,5689.318622,437.63989399999997,13,330.4091245757264,84.23076923076923,14.76923076923077,5.0,3.230769230769231
J,v5,nominal_nominal_n13_d07_r20,13,7,5703.970928,438.76699446153845,13,331.53622507924075,84.23076923076923,14.76923076923077,5.0,3.230769230769231
J,simplified,nominal_nominal_n13_d07_r21,13,7,5203.509285,400.269945,13,301.5776373580694,77.6923076923077,14.384615384615385,5.0,1.6153846153846154
J,v5,nominal_nominal_n13_d07_r21,13,7,5208.053437,400.6194951538461,13,301.927187610886,77.6923076923077,14.384615384615385,5.0,1.6153846153846154
J,simplified,nominal_nominal_n13_d07_r22,13,7,5202.294443,400.1764956153846,13,297.2534188812002,81.53846153846153,15.0,5.0,1.3846153846153846
J,v5,nominal_nominal_n13_d07_r22,13,7,5259.180388,404.55233753846153,13,300.6292607900698,81.92307692307692,15.153846153846153,5.0,1.8461538461538463
J,simplified,nominal_nominal_n13_d07_r23,13,7,5451.188459,419.3221891538461,13,311.3221892744607,86.53846153846153,16.0,5.0,0.46153846153846156
J,v5,nominal_nominal_n13_d07_r23,13,7,5520.575318,424.6596398461539,13,315.9673320837715,86.92307692307692,16.076923076923077,5.0,0.6923076923076923
J,simplified,nominal_nominal_n13_d07_r24,13,7,5379.901856,413.8386043076923,13,301.7616813657115,90.38461538461539,16.23076923076923,5.0,0.46153846153846156
J,v5,nominal_nominal_n13_d07_r24,13,7,5398.633294,415.27948415384617,13,303.20256124000537,90.38461538461539,16.23076923076923,5.0,0.46153846153846156
J,simplified,nominal_nominal_n13_d07_r25,13,7,5428.276024,417.5596941538461,13,304.6366173693268,90.76923076923077,16.46153846153846,5.0,0.6923076923076923
J,v5,nominal_nominal_n13_d07_r25,13,7,5446.641727,418.97244053846157,13,305.818594579332,90.76923076923077,16.46153846153846,5.0,0.9230769230769231
J,simplified,nominal_nominal_n13_d07_r26,13,7,5647.176685,434.3982065384616,13,324.09051419604054,88.46153846153847,16.153846153846153,5.0,0.6923076923076923
J,v5,nominal_nominal_n13_d07_r26,13,7,5687.67622,437.5135553846154,13,326.7443248311943,88.46153846153847,16.153846153846153,5.0,1.1538461538461537
J,simplified,nominal_nominal_n13_d07_r27,13,7,5284.632881,406.51022161538464,13,297.89483701750527,86.53846153846153,15.923076923076923,5.0,1.1538461538461537
J,v5,nominal_nominal_n13_d07_r27,13,7,5313.86796,408.7590738461538,13,300.14368923753324,86.53846153846153,15.923076923076923,5.0,1.1538461538461537
J,simplified,nominal_nominal_n13_d07_r28,13,7,5093.230535,391.78696423076923,13,293.71004120576686,78.07692307692308,14.538461538461538,5.0,0.46153846153846156
J,v5,nominal_nominal_n13_d07_r28,13,7,5093.230535,391.78696423076923,13,293.71004120576686,78.07692307692308,14.538461538461538,5.0,0.46153846153846156
J,simplified,nominal_nominal_n13_d07_r29,13,7,5044.025136,388.00193353846157,13,286.69424134877204,81.15384615384616,14.923076923076923,5.0,0.23076923076923078
J,v5,nominal_nominal_n13_d07_r29,13,7,5086.278221,391.25217084615383,13,289.944478769337,81.15384615384616,14.923076923076923,5.0,0.23076923076923078
J,simplified,nominal_nominal_n13_d08_r00,13,8,5658.223068,435.24792830769235,13,318.01715902929544,93.84615384615384,17.23076923076923,5.0,1.1538461538461537
J,v5,nominal_nominal_n13_d08_r00,13,8,5674.347574,436.488274923077,13,319.872890200774,93.46153846153847,17.23076923076923,5.0,0.9230769230769231
J,simplified,nominal_nominal_n13_d08_r01,13,8,5368.877165,412.9905511538461,13,303.3751662433297,87.6923076923077,16.23076923076923,5.0,0.6923076923076923
J,v5,nominal_nominal_n13_d08_r01,13,8,5368.877165,412.9905511538461,13,303.3751662433297,87.6923076923077,16.23076923076923,5.0,0.6923076923076923
J,simplified,nominal_nominal_n13_d08_r02,13,8,4804.924693,369.60959176923075,13,283.22497638309846,68.07692307692308,12.384615384615385,5.0,0.9230769230769231
J,v5,nominal_nominal_n13_d08_r02,13,8,4804.924693,369.60959176923075,13,283.22497638309846,68.07692307692308,12.384615384615385,5.0,0.9230769230769231
J,simplified,nominal_nominal_n13_d08_r03,13,8,5030.107146,386.93131892307696,13,290.77747293494656,75.76923076923077,14.0,5.0,1.3846153846153846
J,v5,nominal_nominal_n13_d08_r03,13,8,5030.107146,386.93131892307696,13,290.77747293494656,75.76923076923077,14.0,5.0,1.3846153846153846
J,simplified,nominal_nominal_n13_d08_r04,13,8,5313.689621,408.7453554615385,13,299.2838169195506,86.92307692307692,16.384615384615383,5.0,1.1538461538461537
J,v5,nominal_nominal_n13_d08_r04,13,8,5313.689621,408.7453554615385,13,299.2838169195506,86.92307692307692,16.384615384615383,5.0,1.1538461538461537
J,simplified,nominal_nominal_n13_d08_r05,13,8,5324.634355,409.5872580769231,13,305.89495027770624,82.3076923076923,15.0,5.0,1.3846153846153846
J,v5,nominal_nominal_n13_d08_r05,13,8,5324.634355,409.5872580769231,13,305.89495027770624,82.3076923076923,15.0,5.0,1.3846153846153846
J,simplified,nominal_nominal_n13_d08_r06,13,8,5038.046555,387.5420426923077,13,294.61896605796306,72.6923076923077,13.384615384615385,5.0,1.8461538461538463
J,v5,nominal_nominal_n13_d08_r06,13,8,5038.046555,387.5420426923077,13,294.61896605796306,72.6923076923077,13.384615384615385,5.0,1.8461538461538463
J,simplified,nominal_nominal_n13_d08_r07,13,8,5312.590106,408.66077738461536,13,301.9684698157439,85.38461538461539,15.615384615384615,5.0,0.6923076923076923
J,v5,nominal_nominal_n13_d08_r07,13,8,5343.318486,411.0244989230769,13,303.947575939549,85.76923076923077,15.615384615384615,5.0,0.6923076923076923
J,simplified,nominal_nominal_n13_d08_r08,13,8,5361.8119,412.4470692307692,13,304.6009155493087,86.15384615384616,15.76923076923077,5.0,0.9230769230769231
J,v5,nominal_nominal_n13_d08_r08,13,8,5429.188621,417.62989392307696,13,309.3222016107795,86.15384615384616,15.76923076923077,5.0,1.3846153846153846
J,simplified,nominal_nominal_n13_d08_r09,13,8,5026.760268,386.67386676923076,13,291.98155912917645,75.0,13.76923076923077,5.0,0.9230769230769231
J,v5,nominal_nominal_n13_d08_r09,13,8,5009.94257,385.3801976923077,13,290.6878900066168,75.0,13.76923076923077,5.0,0.9230769230769231
J,simplified,nominal_nominal_n13_d08_r10,13,8,5061.888711,389.37605469230766,13,291.2991314087093,78.07692307692308,14.538461538461538,5.0,0.46153846153846156
J,v5,nominal_nominal_n13_d08_r10,13,8,5061.888711,389.37605469230766,13,291.2991314087093,78.07692307692308,14.538461538461538,5.0,0.46153846153846156
J,simplified,nominal_nominal_n13_d08_r11,13,8,5018.453452,386.0348809230769,13,290.57334254770836,76.15384615384616,13.846153846153847,5.0,0.46153846153846156
J,v5,nominal_nominal_n13_d08_r11,13,8,5020.428923,386.18684023076923,13,290.7253017991542,76.15384615384616,13.846153846153847,5.0,0.46153846153846156
J,simplified,nominal_nominal_n13_d08_r12,13,8,5197.702988,399.8233067692308,13,295.515614483935,83.07692307692308,15.307692307692308,5.0,0.9230769230769231
J,v5,nominal_nominal_n13_d08_r12,13,8,5197.702988,399.8233067692308,13,295.515614483935,83.07692307692308,15.307692307692308,5.0,0.9230769230769231
J,simplified,nominal_nominal_n13_d08_r13,13,8,5209.826575,400.7558903846154,13,296.21742886214594,83.84615384615384,15.461538461538462,5.0,0.23076923076923078
J,v5,nominal_nominal_n13_d08_r13,13,8,5217.905305,401.37733115384617,13,296.83886960330943,83.84615384615384,15.461538461538462,5.0,0.23076923076923078
J,simplified,nominal_nominal_n13_d08_r14,13,8,5257.173203,404.3979386923077,13,303.01332336135414,80.76923076923077,14.923076923076923,5.0,0.6923076923076923
J,v5,nominal_nominal_n13_d08_r14,13,8,5257.173203,404.3979386923077,13,303.01332336135414,80.76923076923077,14.923076923076923,5.0,0.6923076923076923
J,simplified,nominal_nominal_n13_d08_r15,13,8,5495.721837,422.7478336153846,13,302.5170643398502,96.53846153846153,17.76923076923077,5.0,0.9230769230769231
J,v5,nominal_nominal_n13_d08_r15,13,8,5611.132387,431.6255682307692,13,311.39479892147307,96.53846153846153,17.76923076923077,5.0,0.9230769230769231
J,simplified,nominal_nominal_n13_d08_r16,13,8,5240.166008,403.08969292307694,13,315.3204622371074,68.84615384615384,12.538461538461538,5.0,1.3846153846153846
J,v5,nominal_nominal_n13_d08_r16,13,8,5240.166008,403.08969292307694,13,315.3204622371074,68.84615384615384,12.538461538461538,5.0,1.3846153846153846
J,simplified,nominal_nominal_n13_d08_r17,13,8,5074.333955,390.3333811538462,13,286.9487659601001,82.6923076923077,15.23076923076923,5.0,0.46153846153846156
J,v5,nominal_nominal_n13_d08_r17,13,8,5127.831282,394.4485601538462,13,290.6793296053013,83.07692307692308,15.23076923076923,5.0,0.46153846153846156
J,simplified,nominal_nominal_n13_d08_r18,13,8,5227.847289,402.1420991538462,13,307.6036378811971,74.23076923076923,13.692307692307692,5.0,1.6153846153846154
J,v5,nominal_nominal_n13_d08_r18,13,8,5238.771538,402.982426,13,308.4439647519466,74.23076923076923,13.692307692307692,5.0,1.6153846153846154
J,simplified,nominal_nominal_n13_d08_r19,13,8,5396.347356,415.10364276923076,13,303.1036429238421,89.23076923076923,16.615384615384617,5.0,1.1538461538461537
J,v5,nominal_nominal_n13_d08_r19,13,8,5405.847785,415.834445,13,303.83444513524495,89.23076923076923,16.615384615384617,5.0,1.1538461538461537
J,simplified,nominal_nominal_n13_d08_r20,13,8,5157.445055,396.7265426923077,13,289.4957734178385,85.38461538461539,15.923076923076923,5.0,0.9230769230769231
J,v5,nominal_nominal_n13_d08_r20,13,8,5159.388466,396.87603584615385,13,290.4144972751805,85.0,15.76923076923077,5.0,0.6923076923076923
J,simplified,nominal_nominal_n13_d08_r21,13,8,5312.851347,408.6808728461538,13,295.83471888845065,90.0,16.923076923076923,5.0,0.9230769230769231
J,v5,nominal_nominal_n13_d08_r21,13,8,5363.712083,412.5932371538462,13,300.3624677547707,90.0,16.76923076923077,5.0,0.46153846153846156
J,simplified,nominal_nominal_n13_d08_r22,13,8,5764.572827,443.428679,13,308.19790965318316,108.46153846153847,20.384615384615383,5.0,1.3846153846153846
J,v5,nominal_nominal_n13_d08_r22,13,8,5828.833725,448.37182500000006,13,313.1410555698513,108.46153846153847,20.384615384615383,5.0,1.3846153846153846
J,simplified,nominal_nominal_n13_d08_r23,13,8,5125.132366,394.2409512307692,13,286.77941315387073,84.61538461538461,15.76923076923077,5.0,2.076923076923077
J,v5,nominal_nominal_n13_d08_r23,13,8,5125.132366,394.2409512307692,13,286.77941315387073,84.61538461538461,15.76923076923077,5.0,2.076923076923077
J,simplified,nominal_nominal_n13_d08_r24,13,8,5014.235127,385.71039438461537,13,284.633471022329,81.15384615384616,14.692307692307692,5.0,0.23076923076923078
J,v5,nominal_nominal_n13_d08_r24,13,8,5026.833618,386.67950907692307,13,285.6025856997311,81.15384615384616,14.692307692307692,5.0,0.23076923076923078
J,simplified,nominal_nominal_n13_d08_r25,13,8,5331.343174,410.10332107692307,13,305.87255177842485,83.07692307692308,15.23076923076923,5.0,0.9230769230769231
J,v5,nominal_nominal_n13_d08_r25,13,8,5352.943043,411.76484946153846,13,307.5340802638843,83.07692307692308,15.23076923076923,5.0,0.9230769230769231
J,simplified,nominal_nominal_n13_d08_r26,13,8,5689.241608,437.6339698461539,13,327.17243125166,88.46153846153847,16.076923076923077,5.0,0.9230769230769231
J,v5,nominal_nominal_n13_d08_r26,13,8,5730.441336,440.8031796923077,13,329.7262564831487,88.84615384615384,16.076923076923077,5.0,1.1538461538461537
J,simplified,nominal_nominal_n13_d08_r27,13,8,5146.592327,395.89171746153846,13,297.9686405435883,78.07692307692308,14.153846153846153,5.0,0.6923076923076923
J,v5,nominal_nominal_n13_d08_r27,13,8,5167.592091,397.50708392307695,13,299.5840070443359,78.07692307692308,14.153846153846153,5.0,0.6923076923076923
J,simplified,nominal_nominal_n13_d08_r28,13,8,5163.469447,397.1899574615385,13,294.4976499359107,81.92307692307692,15.307692307692308,5.0,0.46153846153846156
J,v5,nominal_nominal_n13_d08_r28,13,8,5163.469447,397.1899574615385,13,294.4976499359107,81.92307692307692,15.307692307692308,5.0,0.46153846153846156
J,simplified,nominal_nominal_n13_d08_r29,13,8,5364.667109,412.6667006923077,13,310.89746968741963,80.38461538461539,14.76923076923077,5.0,1.6153846153846154
J,v5,nominal_nominal_n13_d08_r29,13,8,5425.248546,417.32681123076924,13,315.1729648410865,80.76923076923077,14.76923076923077,5.0,1.6153846153846154
J,simplified,nominal_nominal_n13_d09_r00,13,9,5525.211949,425.0163037692307,13,315.32399605088756,87.3076923076923,16.23076923076923,5.0,1.1538461538461537
J,v5,nominal_nominal_n13_d09_r00,13,9,5538.536689,426.04128376923074,13,317.11820689682565,86.92307692307692,16.076923076923077,5.0,0.9230769230769231
J,simplified,nominal_nominal_n13_d09_r01,13,9,5207.609016,400.5853089230769,13,295.2776168926334,84.23076923076923,15.615384615384615,5.0,0.46153846153846156
J,v5,nominal_nominal_n13_d09_r01,13,9,5210.774022,400.8287709230769,13,295.5210789573215,84.23076923076923,15.615384615384615,5.0,0.46153846153846156
J,simplified,nominal_nominal_n13_d09_r02,13,9,5203.659809,400.2815237692308,13,294.97383135611784,84.23076923076923,15.615384615384615,5.0,0.46153846153846156
J,v5,nominal_nominal_n13_d09_r02,13,9,5191.26011,399.3277007692308,13,294.0200083050458,84.23076923076923,15.615384615384615,5.0,0.46153846153846156
J,simplified,nominal_nominal_n13_d09_r03,13,9,5113.032303,393.31017715384615,13,293.92556175665493,78.07692307692308,14.461538461538462,5.0,1.8461538461538463
J,v5,nominal_nominal_n13_d09_r03,13,9,5113.032303,393.31017715384615,13,293.92556175665493,78.07692307692308,14.461538461538462,5.0,1.8461538461538463
J,simplified,nominal_nominal_n13_d09_r04,13,9,5484.995084,421.9226987692308,13,304.0765451522365,95.0,17.615384615384617,5.0,0.23076923076923078
J,v5,nominal_nominal_n13_d09_r04,13,9,5445.016081,418.8473908461538,13,312.69354474936756,83.84615384615384,15.461538461538462,5.0,1.8461538461538463
J,simplified,nominal_nominal_n13_d09_r05,13,9,5424.217587,417.2475066923077,13,314.78596809870027,82.3076923076923,14.923076923076923,5.0,0.23076923076923078
J,v5,nominal_nominal_n13_d09_r05,13,9,5424.217587,417.2475066923077,13,314.78596809870027,82.3076923076923,14.923076923076923,5.0,0.23076923076923078
J,simplified,nominal_nominal_n13_d09_r06,13,9,5355.293664,411.94566646153845,13,289.25335893461204,98.84615384615384,18.384615384615383,5.0,0.46153846153846156
J,v5,nominal_nominal_n13_d09_r06,13,9,5433.098989,417.93069146153846,13,296.00761469591527,98.46153846153847,18.23076923076923,5.0,0.23076923076923078
J,simplified,nominal_nominal_n13_d09_r07,13,9,5517.101237,424.39240284615386,13,310.54624908477854,91.15384615384616,16.76923076923077,5.0,0.9230769230769231
J,v5,nominal_nominal_n13_d09_r07,13,9,5643.615618,434.1242783076923,13,319.8935092365082,91.53846153846153,16.76923076923077,5.0,0.9230769230769231
J,simplified,nominal_nominal_n13_d09_r08,13,9,5435.717419,418.1321091538461,13,305.43980135667607,89.61538461538461,16.692307692307693,5.0,1.3846153846153846
J,v5,nominal_nominal_n13_d09_r08,13,9,5491.632833,422.43329484615384,13,309.7409871319262,89.61538461538461,16.692307692307693,5.0,1.3846153846153846
J,simplified,nominal_nominal_n13_d09_r09,13,9,5127.703649,394.4387422307692,13,291.66951163974113,81.92307692307692,15.153846153846153,5.0,0.6923076923076923
J,v5,nominal_nominal_n13_d09_r09,13,9,5127.703649,394.4387422307692,13,291.66951163974113,81.92307692307692,15.153846153846153,5.0,0.6923076923076923
J,simplified,nominal_nominal_n13_d09_r10,13,9,5454.352803,419.56560023076923,13,293.87329250200014,101.15384615384616,18.846153846153847,5.0,0.6923076923076923
J,v5,nominal_nominal_n13_d09_r10,13,9,5590.703222,430.054094,13,306.9002478073618,98.84615384615384,18.384615384615383,5.0,0.9230769230769231
J,simplified,nominal_nominal_n13_d09_r11,13,9,5382.520191,414.04001469230764,13,302.57847653624106,90.0,16.46153846153846,5.0,0.0
J,v5,nominal_nominal_n13_d09_r11,13,9,5303.029444,407.92534184615386,13,297.2330344335048,89.23076923076923,16.46153846153846,5.0,0.0
J,simplified,nominal_nominal_n13_d09_r12,13,9,5220.494988,401.5765375384616,13,301.8073067537734,79.23076923076923,14.384615384615385,5.0,1.1538461538461537
J,v5,nominal_nominal_n13_d09_r12,13,9,5241.235847,403.1719882307692,13,303.1719882357042,79.23076923076923,14.384615384615385,5.0,1.3846153846153846
J,simplified,nominal_nominal_n13_d09_r13,13,9,5480.283087,421.56023746153846,13,303.5602374445081,94.61538461538461,17.46153846153846,5.0,0.9230769230769231
J,v5,nominal_nominal_n13_d09_r13,13,9,5490.585185,422.3527065384615,13,304.3527065505514,94.61538461538461,17.46153846153846,5.0,0.9230769230769231
J,simplified,nominal_nominal_n13_d09_r14,13,9,5330.37548,410.0288830769231,13,305.7211910270448,81.53846153846153,15.23076923076923,5.0,2.5384615384615383
J,v5,nominal_nominal_n13_d09_r14,13,9,5374.902263,413.45402023076923,13,309.1463281802589,81.53846153846153,15.23076923076923,5.0,2.5384615384615383
J,simplified,nominal_nominal_n13_d09_r15,13,9,5560.528843,427.7329879230769,13,311.7329876848114,92.6923076923077,17.384615384615383,5.0,0.9230769230769231
J,v5,nominal_nominal_n13_d09_r15,13,9,5560.528843,427.7329879230769,13,311.7329876848114,92.6923076923077,17.384615384615383,5.0,0.9230769230769231
J,simplified,nominal_nominal_n13_d09_r16,13,9,5328.052772,409.8502132307692,13,296.8502132230142,90.76923076923077,16.76923076923077,5.0,0.46153846153846156
J,v5,nominal_nominal_n13_d09_r16,13,9,5499.302558,423.0232736923077,13,310.0232738159083,90.76923076923077,16.76923076923077,5.0,0.46153846153846156
J,simplified,nominal_nominal_n13_d09_r17,13,9,5157.304383,396.71572176923075,13,302.1772602778237,74.61538461538461,13.538461538461538,5.0,1.3846153846153846
J,v5,nominal_nominal_n13_d09_r17,13,9,5155.302697,396.56174592307696,13,301.25405367015253,75.0,13.692307692307692,5.0,1.6153846153846154
J,simplified,nominal_nominal_n13_d09_r18,13,9,5358.460669,412.1892822307692,13,299.0354360262501,90.76923076923077,16.46153846153846,5.0,0.9230769230769231
J,v5,nominal_nominal_n13_d09_r18,13,9,5389.05396,414.5426123076923,13,300.3887660758238,91.15384615384616,16.615384615384617,5.0,1.3846153846153846
J,simplified,nominal_nominal_n13_d09_r19,13,9,5247.763236,403.67409507692304,13,305.2125565679361,77.6923076923077,14.384615384615385,5.0,1.3846153846153846
J,v5,nominal_nominal_n13_d09_r19,13,9,5259.17673,404.55205615384614,13,305.8597484868212,77.6923076923077,14.384615384615385,5.0,1.6153846153846154
J,simplified,nominal_nominal_n13_d09_r20,13,9,5601.796624,430.9074326153846,13,316.445893933147,90.38461538461539,16.76923076923077,5.0,2.3076923076923075
J,v5,nominal_nominal_n13_d09_r20,13,9,5609.132731,431.4717485384615,13,317.0102098768079,90.38461538461539,16.76923076923077,5.0,2.3076923076923075
J,simplified,nominal_nominal_n13_d09_r21,13,9,5511.721759,423.97859684615383,13,299.7478276683322,100.38461538461539,18.615384615384617,5.0,0.23076923076923078
J,v5,nominal_nominal_n13_d09_r21,13,9,5537.878492,425.9906532307692,13,301.75988405178197,100.38461538461539,18.615384615384617,5.0,0.23076923076923078
J,simplified,nominal_nominal_n13_d09_r22,13,9,5595.73857,430.4414284615385,13,320.5952744607695,88.07692307692308,16.076923076923077,5.0,0.6923076923076923
J,v5,nominal_nominal_n13_d09_r22,13,9,5613.27813,431.79062538461534,13,321.94447134905056,88.07692307692308,16.076923076923077,5.0,0.6923076923076923
J,simplified,nominal_nominal_n13_d09_r23,13,9,5317.714002,409.0549232307692,13,308.67030793588077,80.38461538461539,14.76923076923077,5.0,0.23076923076923078
J,v5,nominal_nominal_n13_d09_r23,13,9,5331.350976,410.10392123076923,13,309.7193059447764,80.38461538461539,14.76923076923077,5.0,0.23076923076923078
J,simplified,nominal_nominal_n13_d09_r24,13,9,5602.547456,430.96518892307694,13,318.50365023272514,90.76923076923077,16.692307692307693,5.0,0.0
J,v5,nominal_nominal_n13_d09_r24,13,9,5459.470647,419.95928053846154,13,313.8054345130331,85.38461538461539,15.538461538461538,5.0,0.23076923076923078
J,simplified,nominal_nominal_n13_d09_r25,13,9,5396.450854,415.11160415384614,13,314.6500656808811,80.0,14.76923076923077,5.0,0.6923076923076923
J,v5,nominal_nominal_n13_d09_r25,13,9,5396.450854,415.11160415384614,13,314.6500656808811,80.0,14.76923076923077,5.0,0.6923076923076923
J,simplified,nominal_nominal_n13_d09_r26,13,9,4879.219364,375.32456646153844,13,287.5553354568393,70.0,12.76923076923077,5.0,0.0
J,v5,nominal_nominal_n13_d09_r26,13,9,4879.219364,375.32456646153844,13,287.5553354568393,70.0,12.76923076923077,5.0,0.0
J,simplified,nominal_nominal_n13_d09_r27,13,9,5296.490069,407.42231300000003,13,310.6530824426437,76.53846153846153,14.076923076923077,5.0,1.1538461538461537
J,v5,nominal_nominal_n13_d09_r27,13,9,5242.500558,403.26927369230765,13,305.34619685687045,77.3076923076923,14.23076923076923,5.0,1.3846153846153846
J,simplified,nominal_nominal_n13_d09_r28,13,9,5410.338553,416.17988869230766,13,313.5645042275952,82.3076923076923,15.076923076923077,5.0,0.23076923076923078
J,v5,nominal_nominal_n13_d09_r28,13,9,5410.338553,416.17988869230766,13,313.5645042275952,82.3076923076923,15.076923076923077,5.0,0.23076923076923078
J,simplified,nominal_nominal_n13_d09_r29,13,9,5485.318657,421.947589,13,304.6398968928879,94.23076923076923,17.384615384615383,5.0,0.6923076923076923
J,v5,nominal_nominal_n13_d09_r29,13,9,5536.560722,425.8892863076923,13,308.65851732850933,94.61538461538461,17.384615384615383,5.0,0.23076923076923078
J,simplified,nominal_nominal_n13_d10_r00,13,10,5253.544428,404.11880215384616,13,293.11880223090935,88.46153846153847,16.384615384615383,5.0,1.1538461538461537
J,v5,nominal_nominal_n13_d10_r00,13,10,5253.544428,404.11880215384616,13,293.11880223090935,88.46153846153847,16.384615384615383,5.0,1.1538461538461537
J,simplified,nominal_nominal_n13_d10_r01,13,10,5667.971976,435.9978443076923,13,303.0747673979953,106.92307692307692,20.307692307692307,5.0,0.6923076923076923
J,v5,nominal_nominal_n13_d10_r01,13,10,5671.044941,436.23422623076925,13,308.0803800733367,103.07692307692308,19.384615384615383,5.0,0.6923076923076923
J,simplified,nominal_nominal_n13_d10_r02,13,10,5465.797294,420.4459456923077,13,307.138253340691,90.0,16.692307692307693,5.0,1.6153846153846154
J,v5,nominal_nominal_n13_d10_r02,13,10,5465.797294,420.4459456923077,13,307.138253340691,90.0,16.692307692307693,5.0,1.6153846153846154
J,simplified,nominal_nominal_n13_d10_r03,13,10,5463.765724,420.28967107692307,13,310.2127480161512,88.46153846153847,16.384615384615383,5.0,0.23076923076923078
J,v5,nominal_nominal_n13_d10_r03,13,10,5536.258594,425.8660456923077,13,314.86604587434135,88.84615384615384,16.46153846153846,5.0,0.6923076923076923
J,simplified,nominal_nominal_n13_d10_r04,13,10,5282.549473,406.34995946153845,13,299.42688250442285,85.38461538461539,15.846153846153847,5.0,0.6923076923076923
J,v5,nominal_nominal_n13_d10_r04,13,10,5335.25016,410.40385846153845,13,303.4807815498192,85.38461538461539,15.846153846153847,5.0,0.6923076923076923
J,simplified,nominal_nominal_n13_d10_r05,13,10,5760.441255,443.11086576923077,13,327.2647115571809,92.3076923076923,17.153846153846153,5.0,1.3846153846153846
J,v5,nominal_nominal_n13_d10_r05,13,10,5869.405277,451.4927136153846,13,335.26194420186573,92.6923076923077,17.153846153846153,5.0,1.3846153846153846
J,simplified,nominal_nominal_n13_d10_r06,13,10,5487.92158,422.14781384615384,13,312.993967633043,86.53846153846153,16.23076923076923,5.0,1.3846153846153846
J,v5,nominal_nominal_n13_d10_r06,13,10,5487.92158,422.14781384615384,13,312.993967633043,86.53846153846153,16.23076923076923,5.0,1.3846153846153846
J,simplified,nominal_nominal_n13_d10_r07,13,10,5431.71266,417.8240507692308,13,314.9009737727398,82.6923076923077,15.23076923076923,5.0,0.0
J,v5,nominal_nominal_n13_d10_r07,13,10,5467.915739,420.608903,13,317.45505672598534,82.6923076923077,15.23076923076923,5.0,0.23076923076923078
J,simplified,nominal_nominal_n13_d10_r08,13,10,5663.93687,435.6874515384616,13,330.6105284200312,83.46153846153847,15.461538461538462,5.0,1.1538461538461537
J,v5,nominal_nominal_n13_d10_r08,13,10,5706.421259,438.95548146153845,13,332.8785584349641,83.84615384615384,15.615384615384615,5.0,1.6153846153846154
J,simplified,nominal_nominal_n13_d10_r09,13,10,5475.804156,421.2157043076923,13,309.4464735106704,88.46153846153847,16.46153846153846,5.0,1.8461538461538463
J,v5,nominal_nominal_n13_d10_r09,13,10,5449.75053,419.21157923076925,13,308.44234840715086,88.07692307692308,16.307692307692307,5.0,1.3846153846153846
J,simplified,nominal_nominal_n13_d10_r10,13,10,5436.860439,418.2200337692308,13,298.45080305662646,95.38461538461539,18.0,5.0,1.3846153846153846
J,v5,nominal_nominal_n13_d10_r10,13,10,5500.669077,423.12839053846153,13,302.97454446174555,95.76923076923077,18.0,5.0,1.3846153846153846
J,simplified,nominal_nominal_n13_d10_r11,13,10,5496.751357,422.8270274615385,13,297.2885660021663,100.38461538461539,18.76923076923077,5.0,1.3846153846153846
J,v5,nominal_nominal_n13_d10_r11,13,10,5560.035986,427.6950758461538,13,302.77199908396113,100.38461538461539,18.615384615384617,5.0,0.9230769230769231
J,simplified,nominal_nominal_n13_d10_r12,13,10,5907.725802,454.4404463076923,13,316.748138696907,111.53846153846153,20.46153846153846,5.0,0.6923076923076923
J,v5,nominal_nominal_n13_d10_r12,13,10,5967.049432,459.00380246153844,13,321.3114948215338,111.53846153846153,20.46153846153846,5.0,0.6923076923076923
J,simplified,nominal_nominal_n13_d10_r13,13,10,5546.938198,426.6875536923077,13,311.5337075371148,92.3076923076923,16.923076923076923,5.0,0.9230769230769231
J,v5,nominal_nominal_n13_d10_r13,13,10,5593.817205,430.29363115384615,13,315.1397848886209,92.3076923076923,16.923076923076923,5.0,0.9230769230769231
J,simplified,nominal_nominal_n13_d10_r14,13,10,5303.570016,407.9669243076923,13,300.966924356073,85.76923076923077,15.538461538461538,5.0,0.6923076923076923
J,v5,nominal_nominal_n13_d10_r14,13,10,5368.589445,412.96841884615384,13,305.7376498869392,85.76923076923077,15.538461538461538,5.0,0.9230769230769231
J,simplified,nominal_nominal_n13_d10_r15,13,10,5514.496002,424.19200015384615,13,311.26892324177413,90.38461538461539,16.846153846153847,5.0,0.6923076923076923
J,v5,nominal_nominal_n13_d10_r15,13,10,5541.859713,426.296901,13,313.14305482564146,90.38461538461539,16.846153846153847,5.0,0.9230769230769231
J,simplified,nominal_nominal_n13_d10_r16,13,10,5379.94391,413.8418392307692,13,305.2264546053076,85.76923076923077,15.76923076923077,5.0,2.076923076923077
J,v5,nominal_nominal_n13_d10_r16,13,10,5429.113213,417.6240933076923,13,309.0087087487189,85.76923076923077,15.76923076923077,5.0,2.076923076923077
J,simplified,nominal_nominal_n13_d10_r17,13,10,5435.931553,418.14858100000004,13,313.9178118073935,83.84615384615384,15.153846153846153,5.0,0.23076923076923078
J,v5,nominal_nominal_n13_d10_r17,13,10,5435.931553,418.14858100000004,13,313.9178118073935,83.84615384615384,15.153846153846153,5.0,0.23076923076923078
J,simplified,nominal_nominal_n13_d10_r18,13,10,5114.796474,393.4458826153846,13,288.52280567133346,84.23076923076923,15.461538461538462,5.0,0.23076923076923078
J,v5,nominal_nominal_n13_d10_r18,13,10,5114.796474,393.4458826153846,13,288.52280567133346,84.23076923076923,15.461538461538462,5.0,0.23076923076923078
J,simplified,nominal_nominal_n13_d10_r19,13,10,5851.349856,450.1038350769231,13,321.18075798822616,104.61538461538461,19.307692307692307,5.0,0.0
J,v5,nominal_nominal_n13_d10_r19,13,10,5891.39955,453.18458076923076,13,324.0307345554714,104.61538461538461,19.307692307692307,5.0,0.23076923076923078
J,simplified,nominal_nominal_n13_d10_r20,13,10,5450.03806,419.23369692307693,13,316.69523521680173,81.92307692307692,14.923076923076923,5.0,0.6923076923076923
J,v5,nominal_nominal_n13_d10_r20,13,10,5442.966771,418.68975161538464,13,316.9205207589299,81.53846153846153,14.76923076923077,5.0,0.46153846153846156
J,simplified,nominal_nominal_n13_d10_r21,13,10,5676.674346,436.66725738461537,13,317.05187299826406,95.0,17.307692307692307,5.0,2.3076923076923075
J,v5,nominal_nominal_n13_d10_r21,13,10,5697.754545,438.28881115384615,13,318.67342652186414,95.0,17.307692307692307,5.0,2.3076923076923075
J,simplified,nominal_nominal_n13_d10_r22,13,10,5247.680455,403.6677273076923,13,298.9754195595509,83.84615384615384,15.153846153846153,5.0,0.6923076923076923
J,v5,nominal_nominal_n13_d10_r22,13,10,5315.97865,408.9214346153846,13,304.45989630253143,83.84615384615384,15.153846153846153,5.0,0.46153846153846156
J,simplified,nominal_nominal_n13_d10_r23,13,10,5407.64485,415.97268076923075,13,314.0496038866663,80.76923076923077,15.0,5.0,1.1538461538461537
J,v5,nominal_nominal_n13_d10_r23,13,10,5407.64485,415.97268076923075,13,314.0496038866663,80.76923076923077,15.0,5.0,1.1538461538461537
J,simplified,nominal_nominal_n13_d10_r24,13,10,5412.318498,416.3321921538461,13,306.94757670760106,87.6923076923077,16.0,5.0,0.6923076923076923
J,v5,nominal_nominal_n13_d10_r24,13,10,5635.040002,433.46461553846154,13,311.3876925924177,98.07692307692308,18.076923076923077,5.0,0.9230769230769231
J,simplified,nominal_nominal_n13_d10_r25,13,10,5371.417433,413.18595638461534,13,301.416725914271,90.0,16.76923076923077,5.0,0.0
J,v5,nominal_nominal_n13_d10_r25,13,10,5371.417433,413.18595638461534,13,301.416725914271,90.0,16.76923076923077,5.0,0.0
J,simplified,nominal_nominal_n13_d10_r26,13,10,5738.914269,441.45494376923074,13,326.68571296449693,91.92307692307692,17.153846153846153,5.0,0.6923076923076923
J,v5,nominal_nominal_n13_d10_r26,13,10,5773.739255,444.1337888461539,13,329.36455814274717,91.92307692307692,17.153846153846153,5.0,0.6923076923076923
J,simplified,nominal_nominal_n13_d10_r27,13,10,5782.845211,444.834247,13,321.6804006686692,98.84615384615384,18.153846153846153,5.0,1.1538461538461537
J,v5,nominal_nominal_n13_d10_r27,13,10,5829.567072,448.4282363076923,13,325.2743899568804,98.84615384615384,18.153846153846153,5.0,1.1538461538461537
J,simplified,nominal_nominal_n13_d10_r28,13,10,5189.34866,399.1806661538461,13,306.79605115145483,72.6923076923077,13.538461538461538,5.0,1.1538461538461537
J,v5,nominal_nominal_n13_d10_r28,13,10,5189.34866,399.1806661538461,13,306.79605115145483,72.6923076923077,13.538461538461538,5.0,1.1538461538461537
J,simplified,nominal_nominal_n13_d10_r29,13,10,5455.952461,419.68865084615385,13,314.45788161989725,83.07692307692308,15.538461538461538,5.0,1.6153846153846154
J,v5,nominal_nominal_n13_d10_r29,13,10,5493.417348,422.5705652307692,13,316.4936420595299,83.46153846153847,15.538461538461538,5.0,2.076923076923077
J,simplified,nominal_nominal_n13_d11_r00,13,11,4938.198763,379.86144330769235,13,279.4768278607817,79.61538461538461,14.384615384615385,5.0,1.3846153846153846
J,v5,nominal_nominal_n13_d11_r00,13,11,4945.761168,380.44316676923074,13,280.28932065112065,79.61538461538461,14.384615384615385,5.0,1.1538461538461537
J,simplified,nominal_nominal_n13_d11_r01,13,11,5191.348994,399.334538,13,304.48838436364537,75.38461538461539,13.76923076923077,5.0,0.6923076923076923
J,v5,nominal_nominal_n13_d11_r01,13,11,5231.265635,402.4050488461538,13,307.55889523658715,75.38461538461539,13.76923076923077,5.0,0.6923076923076923
J,simplified,nominal_nominal_n13_d11_r02,13,11,5655.917078,435.0705444615385,13,316.2243905845387,95.0,17.692307692307693,5.0,1.1538461538461537
J,v5,nominal_nominal_n13_d11_r02,13,11,5648.749528,434.51919446153846,13,315.67304064941595,95.0,17.692307692307693,5.0,1.1538461538461537
J,simplified,nominal_nominal_n13_d11_r03,13,11,5131.765263,394.7511740769231,13,291.5204048941136,82.3076923076923,15.0,5.0,0.9230769230769231
J,v5,nominal_nominal_n13_d11_r03,13,11,5185.845796,398.91121507692304,13,294.911215158718,83.07692307692308,15.23076923076923,5.0,0.6923076923076923
J,simplified,nominal_nominal_n13_d11_r04,13,11,5361.90977,412.4545976923077,13,304.4545974507663,85.38461538461539,15.76923076923077,5.0,1.8461538461538463
J,v5,nominal_nominal_n13_d11_r04,13,11,5382.607817,414.04675515384616,13,306.04675487902654,85.38461538461539,15.76923076923077,5.0,1.8461538461538463
J,simplified,nominal_nominal_n13_d11_r05,13,11,5196.004808,399.6926775384615,13,299.00036970704156,80.0,14.76923076923077,5.0,0.9230769230769231
J,v5,nominal_nominal_n13_d11_r05,13,11,5214.947327,401.14979438461535,13,300.45748653951694,80.0,14.76923076923077,5.0,0.9230769230769231
J,simplified,nominal_nominal_n13_d11_r06,13,11,5359.215417,412.2473397692308,13,309.478108984213,80.76923076923077,14.923076923076923,5.0,2.076923076923077
J,v5,nominal_nominal_n13_d11_r06,13,11,5388.853133,414.52716407692304,13,311.75793319572864,80.76923076923077,14.923076923076923,5.0,2.076923076923077
J,simplified,nominal_nominal_n13_d11_r07,13,11,5969.419632,459.18612553846157,13,348.1861254189347,89.23076923076923,16.307692307692307,5.0,0.46153846153846156
J,v5,nominal_nominal_n13_d11_r07,13,11,6063.47635,466.4212576923077,13,354.3443343309486,90.38461538461539,16.46153846153846,5.0,0.23076923076923078
J,simplified,nominal_nominal_n13_d11_r08,13,11,5073.623385,390.2787219230769,13,286.89410642800516,82.6923076923077,15.0,5.0,0.6923076923076923
J,v5,nominal_nominal_n13_d11_r08,13,11,5086.215597,391.24735361538467,13,287.8627380491361,82.6923076923077,15.0,5.0,0.6923076923076923
J,simplified,nominal_nominal_n13_d11_r09,13,11,5462.095377,420.1611828461538,13,303.6996445938165,92.6923076923077,17.384615384615383,5.0,1.3846153846153846
J,v5,nominal_nominal_n13_d11_r09,13,11,5462.095377,420.1611828461538,13,303.6996445938165,92.6923076923077,17.384615384615383,5.0,1.3846153846153846
J,simplified,nominal_nominal_n13_d11_r10,13,11,5841.725886,449.3635296923077,13,334.5942989135034,91.15384615384616,16.76923076923077,5.0,1.8461538461538463
J,v5,nominal_nominal_n13_d11_r10,13,11,5870.511525,451.5778096153846,13,336.80857880620323,91.15384615384616,16.76923076923077,5.0,1.8461538461538463
J,simplified,nominal_nominal_n13_d11_r11,13,11,5785.248419,445.0191091538461,13,336.4806475576745,86.92307692307692,16.153846153846153,5.0,0.46153846153846156
J,v5,nominal_nominal_n13_d11_r11,13,11,5786.423788,445.10952215384617,13,336.5710605063747,86.92307692307692,16.153846153846153,5.0,0.46153846153846156
J,simplified,nominal_nominal_n13_d11_r12,13,11,5516.07446,424.31342,13,301.39034317103784,98.46153846153847,18.307692307692307,5.0,1.1538461538461537
J,v5,nominal_nominal_n13_d11_r12,13,11,5547.056722,426.69667092307697,13,303.0043633150402,98.84615384615384,18.46153846153846,5.0,1.3846153846153846
J,simplified,nominal_nominal_n13_d11_r13,13,11,5349.332708,411.4871313846154,13,312.17943892945334,78.84615384615384,14.307692307692308,5.0,1.1538461538461537
J,v5,nominal_nominal_n13_d11_r13,13,11,5350.629705,411.58690038461543,13,313.0484387113296,78.46153846153847,14.153846153846153,5.0,0.9230769230769231
J,simplified,nominal_nominal_n13_d11_r14,13,11,5290.307846,406.94675738461535,13,302.4852190121925,83.07692307692308,15.23076923076923,5.0,1.1538461538461537
J,v5,nominal_nominal_n13_d11_r14,13,11,5286.045295,406.6188688461538,13,303.0804074050926,82.3076923076923,15.076923076923077,5.0,1.1538461538461537
J,simplified,nominal_nominal_n13_d11_r15,13,11,5135.24154,395.01858,13,296.71088774538254,78.84615384615384,14.461538461538462,5.0,0.0
J,v5,nominal_nominal_n13_d11_r15,13,11,5135.24154,395.01858,13,296.71088774538254,78.84615384615384,14.461538461538462,5.0,0.0
J,simplified,nominal_nominal_n13_d11_r16,13,11,5790.827615,445.4482780769231,13,330.8328934532878,91.15384615384616,17.076923076923077,5.0,1.3846153846153846
J,v5,nominal_nominal_n13_d11_r16,13,11,5873.032679,451.7717445384615,13,335.69482146510234,91.92307692307692,17.307692307692307,5.0,1.8461538461538463
J,simplified,nominal_nominal_n13_d11_r17,13,11,5068.541454,389.88780415384616,13,285.34934256277484,83.84615384615384,15.23076923076923,5.0,0.46153846153846156
J,v5,nominal_nominal_n13_d11_r17,13,11,5102.455349,392.4965653076923,13,287.57348829624846,84.23076923076923,15.23076923076923,5.0,0.46153846153846156
J,simplified,nominal_nominal_n13_d11_r18,13,11,5166.195527,397.3996559230769,13,299.09196358163257,77.6923076923077,14.23076923076923,5.0,1.3846153846153846
J,v5,nominal_nominal_n13_d11_r18,13,11,5180.696777,398.5151366923077,13,300.4382135648973,77.6923076923077,14.23076923076923,5.0,1.1538461538461537
J,simplified,nominal_nominal_n13_d11_r19,13,11,5608.909413,431.45457023076926,13,322.993031918694,86.92307692307692,15.846153846153847,5.0,0.6923076923076923
J,v5,nominal_nominal_n13_d11_r19,13,11,5465.851108,420.4500852307692,13,311.14239314561246,87.6923076923077,15.923076923076923,5.0,0.6923076923076923
J,simplified,nominal_nominal_n13_d11_r20,13,11,5448.400951,419.1077654615384,13,310.5693039934049,86.92307692307692,15.923076923076923,5.0,0.6923076923076923
J,v5,nominal_nominal_n13_d11_r20,13,11,5448.400951,419.1077654615384,13,310.5693039934049,86.92307692307692,15.923076923076923,5.0,0.6923076923076923
J,simplified,nominal_nominal_n13_d11_r21,13,11,5739.284264,441.48340492307693,13,326.4064820394632,92.3076923076923,16.846153846153847,5.0,0.9230769230769231
J,v5,nominal_nominal_n13_d11_r21,13,11,5844.043449,449.54180376923074,13,334.8494961117921,91.92307692307692,16.846153846153847,5.0,0.9230769230769231
J,simplified,nominal_nominal_n13_d11_r22,13,11,5350.195674,411.55351338461537,13,306.47659049021337,83.84615384615384,15.307692307692308,5.0,0.9230769230769231
J,v5,nominal_nominal_n13_d11_r22,13,11,5322.927931,409.4559946923077,13,305.30214875618424,83.46153846153847,15.23076923076923,5.0,0.46153846153846156
J,simplified,nominal_nominal_n13_d11_r23,13,11,5228.302322,402.17710169230764,13,292.10017872114315,87.3076923076923,16.153846153846153,5.0,1.6153846153846154
J,v5,nominal_nominal_n13_d11_r23,13,11,5209.220142,400.7092416923077,13,297.8630880435841,82.3076923076923,15.076923076923077,5.0,0.46153846153846156
J,simplified,nominal_nominal_n13_d11_r24,13,11,4984.942014,383.457078,13,288.14938576670636,74.61538461538461,13.615384615384615,5.0,2.076923076923077
J,v5,nominal_nominal_n13_d11_r24,13,11,4984.942014,383.457078,13,288.14938576670636,74.61538461538461,13.615384615384615,5.0,2.076923076923077
J,simplified,nominal_nominal_n13_d11_r25,13,11,5264.673823,404.97490946153846,13,302.4364479156686,82.3076923076923,15.0,5.0,0.23076923076923078
J,v5,nominal_nominal_n13_d11_r25,13,11,5448.14448,419.0880369230769,13,314.626498349664,82.6923076923077,15.384615384615385,5.0,1.3846153846153846
J,simplified,nominal_nominal_n13_d11_r26,13,11,5471.3305,420.87157692307693,13,309.71773080622415,89.23076923076923,16.46153846153846,5.0,0.46153846153846156
J,v5,nominal_nominal_n13_d11_r26,13,11,5520.804102,424.6772386153846,13,318.29262322353645,85.0,15.692307692307692,5.0,0.6923076923076923
J,simplified,nominal_nominal_n13_d11_r27,13,11,5528.955075,425.3042365384615,13,322.0734674918184,82.3076923076923,15.23076923076923,5.0,0.6923076923076923
J,v5,nominal_nominal_n13_d11_r27,13,11,5538.209961,426.01615084615383,13,322.7853818138122,82.3076923076923,15.23076923076923,5.0,0.6923076923076923
J,simplified,nominal_nominal_n13_d11_r28,13,11,5273.637143,405.6643956153846,13,302.7413187544627,81.92307692307692,14.846153846153847,5.0,1.1538461538461537
J,v5,nominal_nominal_n13_d11_r28,13,11,5258.625983,404.509691,13,301.58661413105364,81.92307692307692,14.846153846153847,5.0,1.1538461538461537
J,simplified,nominal_nominal_n13_d11_r29,13,11,5044.732898,388.0563767692308,13,294.7486846001189,73.84615384615384,13.307692307692308,5.0,1.1538461538461537
J,v5,nominal_nominal_n13_d11_r29,13,11,5054.259433,388.78918715384617,13,295.2507256810219,73.84615384615384,13.307692307692308,5.0,1.3846153846153846
J,simplified,nominal_nominal_n13_d12_r00,13,12,5335.424768,410.41728984615384,13,310.2634437041515,80.0,14.461538461538462,5.0,0.6923076923076923
J,v5,nominal_nominal_n13_d12_r00,13,12,5360.748588,412.36527600000005,13,312.21142994686755,80.0,14.461538461538462,5.0,0.6923076923076923
J,simplified,nominal_nominal_n13_d12_r01,13,12,5295.456316,407.34279353846154,13,302.3427935606095,83.46153846153847,15.384615384615385,5.0,1.1538461538461537
J,v5,nominal_nominal_n13_d12_r01,13,12,5371.97353,413.2287330769231,13,308.613348613169,83.07692307692308,15.384615384615385,5.0,1.1538461538461537
J,simplified,nominal_nominal_n13_d12_r02,13,12,5323.59211,409.5070853846154,13,297.04554690246056,90.38461538461539,16.615384615384617,5.0,0.46153846153846156
J,v5,nominal_nominal_n13_d12_r02,13,12,5359.930288,412.30232984615384,13,300.071560763077,90.38461538461539,16.615384615384617,5.0,0.23076923076923078
J,simplified,nominal_nominal_n13_d12_r03,13,12,5213.308248,401.0237113846154,13,297.56217302780203,82.3076923076923,15.23076923076923,5.0,0.9230769230769231
J,v5,nominal_nominal_n13_d12_r03,13,12,5225.668052,401.9744655384615,13,298.5129272040795,82.3076923076923,15.23076923076923,5.0,0.9230769230769231
J,simplified,nominal_nominal_n13_d12_r04,13,12,5157.848791,396.7575993076923,13,292.9114455643171,81.92307692307692,14.846153846153847,5.0,2.076923076923077
J,v5,nominal_nominal_n13_d12_r04,13,12,5157.848791,396.7575993076923,13,292.9114455643171,81.92307692307692,14.846153846153847,5.0,2.076923076923077
J,simplified,nominal_nominal_n13_d12_r05,13,12,5481.340811,421.64160084615384,13,312.7185241671829,86.92307692307692,16.076923076923077,5.0,0.9230769230769231
J,v5,nominal_nominal_n13_d12_r05,13,12,5481.340811,421.64160084615384,13,312.7185241671829,86.92307692307692,16.076923076923077,5.0,0.9230769230769231
J,simplified,nominal_nominal_n13_d12_r06,13,12,5650.641493,434.66473023076924,13,322.1262687690102,90.38461538461539,16.692307692307693,5.0,0.46153846153846156
J,v5,nominal_nominal_n13_d12_r06,13,12,5650.641493,434.66473023076924,13,322.1262687690102,90.38461538461539,16.692307692307693,5.0,0.46153846153846156
J,simplified,nominal_nominal_n13_d12_r07,13,12,5388.544615,414.5034319230769,13,306.19573956545594,86.92307692307692,15.923076923076923,5.0,0.46153846153846156
J,v5,nominal_nominal_n13_d12_r07,13,12,5403.832926,415.67945584615387,13,307.37176343095143,86.92307692307692,15.923076923076923,5.0,0.46153846153846156
J,simplified,nominal_nominal_n13_d12_r08,13,12,5643.905218,434.1465552307692,13,324.6080937813236,86.92307692307692,16.0,5.0,1.6153846153846154
J,v5,nominal_nominal_n13_d12_r08,13,12,5688.295738,437.5612106153846,13,327.7919800544852,86.92307692307692,16.0,5.0,1.8461538461538463
J,simplified,nominal_nominal_n13_d12_r09,13,12,5770.856452,443.9120347692308,13,322.4504967415287,96.92307692307692,18.153846153846153,5.0,1.3846153846153846
J,v5,nominal_nominal_n13_d12_r09,13,12,5813.991483,447.2301140769231,13,325.3839605543699,97.3076923076923,18.153846153846153,5.0,1.3846153846153846
J,simplified,nominal_nominal_n13_d12_r10,13,12,5492.626483,422.5097294615385,13,310.27896034125274,89.61538461538461,16.692307692307693,5.0,0.9230769230769231
J,v5,nominal_nominal_n13_d12_r10,13,12,5483.129497,421.7791920769231,13,309.548422908122,89.61538461538461,16.692307692307693,5.0,0.9230769230769231
J,simplified,nominal_nominal_n13_d12_r11,13,12,5436.196158,418.1689352307692,13,308.015089176714,87.3076923076923,16.23076923076923,5.0,1.6153846153846154
J,v5,nominal_nominal_n13_d12_r11,13,12,5450.791447,419.29164976923073,13,309.1378035925452,87.3076923076923,16.23076923076923,5.0,1.6153846153846154
J,simplified,nominal_nominal_n13_d12_r12,13,12,5288.804359,406.83110453846155,13,300.52341215865596,84.23076923076923,15.461538461538462,5.0,1.6153846153846154
J,v5,nominal_nominal_n13_d12_r12,13,12,5288.804359,406.83110453846155,13,300.52341215865596,84.23076923076923,15.461538461538462,5.0,1.6153846153846154
J,simplified,nominal_nominal_n13_d12_r13,13,12,5295.372495,407.3363457692307,13,307.64403795764105,79.23076923076923,14.538461538461538,5.0,0.9230769230769231
J,v5,nominal_nominal_n13_d12_r13,13,12,5296.693697,407.43797669230764,13,307.7456689144492,79.23076923076923,14.538461538461538,5.0,0.9230769230769231
J,simplified,nominal_nominal_n13_d12_r14,13,12,5589.775281,429.9827139230769,13,313.75194476340255,93.07692307692308,17.23076923076923,5.0,0.9230769230769231
J,v5,nominal_nominal_n13_d12_r14,13,12,5624.469447,432.65149592307694,13,316.4207267973356,93.07692307692308,17.23076923076923,5.0,0.9230769230769231
J,simplified,nominal_nominal_n13_d12_r15,13,12,5185.443759,398.88028915384615,13,301.57259684539036,76.92307692307692,14.23076923076923,5.0,1.1538461538461537
J,v5,nominal_nominal_n13_d12_r15,13,12,5185.443759,398.88028915384615,13,301.57259684539036,76.92307692307692,14.23076923076923,5.0,1.1538461538461537
J,simplified,nominal_nominal_n13_d12_r16,13,12,5137.727874,395.2098364615385,13,291.9790671116205,82.3076923076923,15.23076923076923,5.0,0.6923076923076923
J,v5,nominal_nominal_n13_d12_r16,13,12,5174.218047,398.01677284615386,13,294.7860034653629,82.3076923076923,15.23076923076923,5.0,0.6923076923076923
J,simplified,nominal_nominal_n13_d12_r17,13,12,5291.145439,407.0111876153846,13,302.62657253469166,83.46153846153847,15.461538461538462,5.0,0.46153846153846156
J,v5,nominal_nominal_n13_d12_r17,13,12,5344.165017,411.0896166923077,13,305.93577060835264,83.84615384615384,15.615384615384615,5.0,0.6923076923076923
J,simplified,nominal_nominal_n13_d12_r18,13,12,5488.505888,422.1927606153846,13,312.96199135000586,87.3076923076923,16.0,5.0,0.9230769230769231
J,v5,nominal_nominal_n13_d12_r18,13,12,5521.317851,424.71675776923075,13,314.56291145562693,87.6923076923077,16.076923076923077,5.0,1.3846153846153846
J,simplified,nominal_nominal_n13_d12_r19,13,12,5411.754295,416.28879192307693,13,296.67340714610395,96.15384615384616,17.53846153846154,5.0,0.9230769230769231
J,v5,nominal_nominal_n13_d12_r19,13,12,5447.851255,419.0654811538461,13,300.21932712739095,95.76923076923077,17.384615384615383,5.0,0.6923076923076923
J,simplified,nominal_nominal_n13_d12_r20,13,12,5176.282936,398.17561046153844,13,293.1756105751067,84.23076923076923,15.307692307692308,5.0,0.46153846153846156
J,v5,nominal_nominal_n13_d12_r20,13,12,5261.83646,404.7566507692308,13,301.52588148629525,82.6923076923077,15.076923076923077,5.0,0.46153846153846156
J,simplified,nominal_nominal_n13_d12_r21,13,12,5245.895439,403.53041838461536,13,300.5304184809314,81.92307692307692,15.153846153846153,5.0,0.9230769230769231
J,v5,nominal_nominal_n13_d12_r21,13,12,5293.814064,407.21646646153846,13,303.8318511613242,82.3076923076923,15.153846153846153,5.0,0.9230769230769231
J,simplified,nominal_nominal_n13_d12_r22,13,12,5451.951336,419.380872,13,313.22702604764913,84.23076923076923,15.538461538461538,5.0,1.3846153846153846
J,v5,nominal_nominal_n13_d12_r22,13,12,5520.863693,424.6818225384616,13,318.14336116470986,84.61538461538461,15.538461538461538,5.0,1.3846153846153846
J,simplified,nominal_nominal_n13_d12_r23,13,12,5316.628739,408.97144146153846,13,294.5099028277759,90.38461538461539,16.76923076923077,5.0,2.3076923076923075
J,v5,nominal_nominal_n13_d12_r23,13,12,5335.505209,410.4234776153846,13,295.9619391213017,90.38461538461539,16.76923076923077,5.0,2.3076923076923075
J,simplified,nominal_nominal_n13_d12_r24,13,12,5128.278619,394.4829706923077,13,284.09835537214485,88.84615384615384,16.53846153846154,5.0,0.0
J,v5,nominal_nominal_n13_d12_r24,13,12,5137.897841,395.22291084615387,13,284.8382954662671,88.84615384615384,16.53846153846154,5.0,0.0
J,simplified,nominal_nominal_n13_d12_r25,13,12,5453.514143,419.50108792307697,13,306.65493416784415,90.76923076923077,16.846153846153847,5.0,0.23076923076923078
J,v5,nominal_nominal_n13_d12_r25,13,12,5482.452892,421.72714553846157,13,309.1117609261956,90.76923076923077,16.846153846153847,5.0,0.0
J,simplified,nominal_nominal_n13_d12_r26,13,12,5398.63933,415.2799484615385,13,294.66456401736434,96.53846153846153,17.923076923076923,5.0,1.1538461538461537
J,v5,nominal_nominal_n13_d12_r26,13,12,5410.444364,416.188028,13,295.5726434758733,96.53846153846153,17.923076923076923,5.0,1.1538461538461537
J,simplified,nominal_nominal_n13_d12_r27,13,12,5454.407744,419.56982646153847,13,312.10828817323807,85.0,15.846153846153847,5.0,1.6153846153846154
J,v5,nominal_nominal_n13_d12_r27,13,12,5477.55652,421.3505015384616,13,313.6581939066521,85.0,15.846153846153847,5.0,1.8461538461538463
J,simplified,nominal_nominal_n13_d12_r28,13,12,5374.509702,413.42382323076924,13,304.65459240709305,86.92307692307692,15.923076923076923,5.0,0.9230769230769231
J,v5,nominal_nominal_n13_d12_r28,13,12,5436.298981,418.17684469230767,13,309.40761381239975,86.92307692307692,15.923076923076923,5.0,0.9230769230769231
J,simplified,nominal_nominal_n13_d12_r29,13,12,5608.857518,431.4505783076923,13,318.681347602207,89.23076923076923,16.0,5.0,2.5384615384615383
J,v5,nominal_nominal_n13_d12_r29,13,12,5703.039463,438.6953433076923,13,325.5414973238834,89.61538461538461,16.0,5.0,2.5384615384615383
J,simplified,nominal_nominal_n13_d13_r00,13,13,5122.271381,394.0208754615384,13,290.09779838659614,81.15384615384616,15.0,5.0,2.769230769230769
J,v5,nominal_nominal_n13_d13_r00,13,13,5129.427081,394.5713139230769,13,290.6482368375106,81.15384615384616,15.0,5.0,2.769230769230769
J,simplified,nominal_nominal_n13_d13_r01,13,13,5736.415262,441.2627124615385,13,319.416558288906,97.3076923076923,18.153846153846153,5.0,1.3846153846153846
J,v5,nominal_nominal_n13_d13_r01,13,13,5748.329159,442.1791660769231,13,320.3330118944107,97.3076923076923,18.153846153846153,5.0,1.3846153846153846
J,simplified,nominal_nominal_n13_d13_r02,13,13,5596.540709,430.50313146153843,13,306.73390075633023,99.61538461538461,18.46153846153846,5.0,0.6923076923076923
J,v5,nominal_nominal_n13_d13_r02,13,13,5612.687896,431.7452227692308,13,310.89906885977155,97.6923076923077,17.923076923076923,5.0,0.23076923076923078
J,simplified,nominal_nominal_n13_d13_r03,13,13,5661.491349,435.49933453846154,13,321.49933484403056,91.92307692307692,16.846153846153847,5.0,0.23076923076923078
J,v5,nominal_nominal_n13_d13_r03,13,13,5726.463094,440.4971610769231,13,326.49716119152396,91.92307692307692,16.846153846153847,5.0,0.23076923076923078
J,simplified,nominal_nominal_n13_d13_r04,13,13,5404.713926,415.7472250769231,13,309.1318404371108,85.76923076923077,15.846153846153847,5.0,0.0
J,v5,nominal_nominal_n13_d13_r04,13,13,5469.752648,420.75020369230765,13,313.904049832923,85.76923076923077,15.846153846153847,5.0,0.23076923076923078
J,simplified,nominal_nominal_n13_d13_r05,13,13,5490.943092,422.3802378461539,13,316.84177655704633,84.61538461538461,15.692307692307692,5.0,0.23076923076923078
J,v5,nominal_nominal_n13_d13_r05,13,13,5490.943092,422.3802378461539,13,316.84177655704633,84.61538461538461,15.692307692307692,5.0,0.23076923076923078
J,simplified,nominal_nominal_n13_d13_r06,13,13,5257.753283,404.44256023076923,13,300.59640607281756,83.07692307692308,15.076923076923077,5.0,0.6923076923076923
J,v5,nominal_nominal_n13_d13_r06,13,13,5173.859095,397.9891611538461,13,294.45069959323416,82.3076923076923,15.076923076923077,5.0,1.1538461538461537
J,simplified,nominal_nominal_n13_d13_r07,13,13,5508.075209,423.698093,13,307.3134774014979,93.07692307692308,17.153846153846153,5.0,1.1538461538461537
J,v5,nominal_nominal_n13_d13_r07,13,13,5540.832022,426.2178478461538,13,309.8332320983458,93.07692307692308,17.153846153846153,5.0,1.1538461538461537
J,simplified,nominal_nominal_n13_d13_r08,13,13,5853.468866,450.26683584615387,13,317.574528529381,106.53846153846153,20.0,5.0,1.1538461538461537
J,v5,nominal_nominal_n13_d13_r08,13,13,5640.118523,433.855271,13,310.39373264307875,98.84615384615384,18.46153846153846,5.0,1.1538461538461537
J,simplified,nominal_nominal_n13_d13_r09,13,13,5658.439668,435.26458984615385,13,318.9568974550635,93.07692307692308,17.307692307692307,5.0,0.9230769230769231
J,v5,nominal_nominal_n13_d13_r09,13,13,5688.385084,437.56808338461536,13,321.26039100992006,93.07692307692308,17.307692307692307,5.0,0.9230769230769231
J,simplified,nominal_nominal_n13_d13_r10,13,13,5405.936034,415.8412333846154,13,317.8412332814671,77.3076923076923,14.076923076923077,5.0,1.6153846153846154
J,v5,nominal_nominal_n13_d13_r10,13,13,5437.149084,418.2422372307692,13,320.0114680323212,77.3076923076923,14.076923076923077,5.0,1.8461538461538463
J,simplified,nominal_nominal_n13_d13_r11,13,13,5411.458526,416.26604046153847,13,297.7275789990811,95.0,17.615384615384617,5.0,0.9230769230769231
J,v5,nominal_nominal_n13_d13_r11,13,13,5432.887417,417.91441669230767,13,299.1451860788947,95.0,17.615384615384617,5.0,1.1538461538461537
J,simplified,nominal_nominal_n13_d13_r12,13,13,5390.965337,414.6896413076923,13,303.92041062248126,87.6923076923077,16.23076923076923,5.0,1.8461538461538463
J,v5,nominal_nominal_n13_d13_r12,13,13,5390.965337,414.6896413076923,13,303.92041062248126,87.6923076923077,16.23076923076923,5.0,1.8461538461538463
J,simplified,nominal_nominal_n13_d13_r13,13,13,5467.586612,420.58358553846153,13,308.1220470136975,90.38461538461539,16.615384615384617,5.0,0.46153846153846156
J,v5,nominal_nominal_n13_d13_r13,13,13,5475.798861,421.215297,13,308.7537585162061,90.38461538461539,16.615384615384617,5.0,0.46153846153846156
J,simplified,nominal_nominal_n13_d13_r14,13,13,5441.273619,418.55950915384614,13,310.02104726294596,86.15384615384616,16.0,5.0,1.3846153846153846
J,v5,nominal_nominal_n13_d13_r14,13,13,5470.950478,420.84234446153846,13,311.38080575898573,86.53846153846153,16.076923076923077,5.0,1.8461538461538463
J,simplified,nominal_nominal_n13_d13_r15,13,13,5388.280884,414.4831449230769,13,302.7908372025694,89.61538461538461,16.615384615384617,5.0,0.46153846153846156
J,v5,nominal_nominal_n13_d13_r15,13,13,5391.418368,414.7244898461538,13,303.0321822098292,89.61538461538461,16.615384615384617,5.0,0.46153846153846156
J,simplified,nominal_nominal_n13_d13_r16,13,13,5701.427714,438.57136261538466,13,317.87905477466154,96.92307692307692,17.846153846153847,5.0,0.9230769230769231
J,v5,nominal_nominal_n13_d13_r16,13,13,5777.729029,444.44069453846157,13,322.6714637302058,97.6923076923077,17.923076923076923,5.0,1.1538461538461537
J,simplified,nominal_nominal_n13_d13_r17,13,13,5086.433228,391.26409446153843,13,290.11024829929363,81.53846153846153,14.615384615384615,5.0,0.0
J,v5,nominal_nominal_n13_d13_r17,13,13,5086.433228,391.26409446153843,13,290.11024829929363,81.53846153846153,14.615384615384615,5.0,0.0
J,simplified,nominal_nominal_n13_d13_r18,13,13,5684.610864,437.2777587692308,13,327.0469895135463,88.46153846153847,16.076923076923077,5.0,0.6923076923076923
J,v5,nominal_nominal_n13_d13_r18,13,13,5729.207875,440.7082980769231,13,330.47752872450695,88.46153846153847,16.076923076923077,5.0,0.6923076923076923
J,simplified,nominal_nominal_n13_d13_r19,13,13,5508.457837,423.72752592307694,13,304.8044491515186,95.0,17.53846153846154,5.0,1.3846153846153846
J,v5,nominal_nominal_n13_d13_r19,13,13,5531.542821,425.5032939230769,13,307.58021700749725,94.61538461538461,17.384615384615383,5.0,0.9230769230769231
J,simplified,nominal_nominal_n13_d13_r20,13,13,5516.752827,424.3656020769231,13,293.2886789643883,106.15384615384616,19.46153846153846,5.0,0.46153846153846156
J,v5,nominal_nominal_n13_d13_r20,13,13,5567.419051,428.2630039230769,13,297.724542410328,106.15384615384616,19.384615384615383,5.0,0.0
J,simplified,nominal_nominal_n13_d13_r21,13,13,5243.327967,403.33292053846156,13,304.8713822217179,78.07692307692308,14.23076923076923,5.0,1.1538461538461537
J,v5,nominal_nominal_n13_d13_r21,13,13,5252.454515,404.0349626923077,13,305.5734243365554,78.07692307692308,14.23076923076923,5.0,1.1538461538461537
J,simplified,nominal_nominal_n13_d13_r22,13,13,4977.198714,382.8614395384615,13,282.16913171132165,80.76923076923077,14.692307692307692,5.0,0.23076923076923078
J,v5,nominal_nominal_n13_d13_r22,13,13,5035.73018,387.36386,13,285.74847528363796,81.15384615384616,14.76923076923077,5.0,0.6923076923076923
J,simplified,nominal_nominal_n13_d13_r23,13,13,5330.945295,410.072715,13,300.0727151316292,87.6923076923077,16.384615384615383,5.0,0.9230769230769231
J,v5,nominal_nominal_n13_d13_r23,13,13,5342.009074,410.9237749230769,13,300.92377511337565,87.6923076923077,16.384615384615383,5.0,0.9230769230769231
J,simplified,nominal_nominal_n13_d13_r24,13,13,5364.630531,412.663887,13,297.20234851501516,91.15384615384616,17.0,5.0,2.3076923076923075
J,v5,nominal_nominal_n13_d13_r24,13,13,5407.642767,415.97252053846154,13,300.357135805197,91.53846153846153,17.0,5.0,2.076923076923077
J,simplified,nominal_nominal_n13_d13_r25,13,13,5566.773213,428.21332407692313,13,300.5210162144539,102.6923076923077,19.076923076923077,5.0,0.9230769230769231
J,v5,nominal_nominal_n13_d13_r25,13,13,5589.280558,429.94465830769235,13,302.0985042573269,103.07692307692308,19.076923076923077,5.0,0.6923076923076923
J,simplified,nominal_nominal_n13_d13_r26,13,13,5246.580896,403.58314584615385,13,295.5062229847388,86.53846153846153,16.076923076923077,5.0,0.46153846153846156
J,v5,nominal_nominal_n13_d13_r26,13,13,5289.27718,406.8674753846154,13,298.7905524856806,86.53846153846153,16.076923076923077,5.0,0.46153846153846156
J,simplified,nominal_nominal_n13_d13_r27,13,13,5383.975258,414.15194292307694,13,302.84425048873516,89.61538461538461,16.23076923076923,5.0,0.46153846153846156
J,v5,nominal_nominal_n13_d13_r27,13,13,5408.994258,416.07648138461536,13,304.76878905246036,89.61538461538461,16.23076923076923,5.0,0.46153846153846156
J,simplified,nominal_nominal_n13_d13_r28,13,13,5203.266235,400.2512488461538,13,298.02048010018,81.53846153846153,14.76923076923077,5.0,0.9230769230769231
J,v5,nominal_nominal_n13_d13_r28,13,13,5456.108791,419.7006762307692,13,308.5468306266322,88.84615384615384,16.384615384615383,5.0,0.9230769230769231
J,simplified,nominal_nominal_n13_d13_r29,13,13,5501.073202,423.15947707692305,13,303.7748618143745,95.38461538461539,17.384615384615383,5.0,1.6153846153846154
J,v5,nominal_nominal_n13_d13_r29,13,13,5501.073202,423.15947707692305,13,303.7748618143745,95.38461538461539,17.384615384615383,5.0,1.6153846153846154
I65_C20,combined_joint,d01_r00,13,1,4970.861298,382.373946,13,287.22009984681716,74.61538461538461,13.692307692307692,5.0,1.8461538461538463
I65_C20,combined_joint,d03_r00,13,3,5514.201245,424.1693265384616,13,298.0154802484284,101.15384615384616,18.384615384615383,5.0,1.6153846153846154
I65_C20,combined_joint,d04_r00,13,4,5158.574532,396.8134255384615,13,299.3518870533407,77.3076923076923,14.23076923076923,5.0,0.9230769230769231
I65_C20,combined_joint,d02_r00,13,2,4929.922374,379.22479799999996,13,282.2247980505412,76.53846153846153,14.076923076923077,5.0,1.3846153846153846
I65_C20,combined_joint,d05_r00,13,5,5057.684023,389.05261715384614,13,294.8218477672282,74.23076923076923,13.615384615384615,5.0,1.3846153846153846
I65_C20,combined_joint,d06_r00,13,6,5505.876749,423.5289806923077,13,316.8366728927074,85.0,15.538461538461538,5.0,1.1538461538461537
I65_C20,combined_joint,d07_r00,13,7,5465.24433,420.40341,13,318.5572560691068,80.0,14.76923076923077,5.0,2.076923076923077
I65_C20,combined_joint,d08_r00,13,8,5495.498131,422.73062546153847,13,321.57677938431596,80.76923076923077,14.923076923076923,5.0,0.46153846153846156
I65_C20,combined_joint,d09_r00,13,9,5184.405925,398.8004557692308,13,299.4927635671897,79.23076923076923,14.384615384615385,5.0,0.6923076923076923
I65_C20,combined_joint,d10_r00,13,10,5570.734176,428.51801353846156,13,325.902628822327,81.53846153846153,14.923076923076923,5.0,1.1538461538461537
I65_C20,combined_joint,d11_r00,13,11,5340.089541,410.77611853846156,13,298.54534949925903,90.0,16.53846153846154,5.0,0.6923076923076923
I65_C20,combined_joint,d12_r00,13,12,5638.767263,433.75132792307693,13,319.44363566596843,91.15384615384616,16.76923076923077,5.0,1.3846153846153846
I65_C20,combined_joint,d13_r00,13,13,5332.468293,410.1898686923077,13,306.420637893086,83.07692307692308,15.23076923076923,5.0,0.46153846153846156
I65_C20,combined_joint,d01_r01,13,1,5001.193465,384.70718961538466,13,291.55334334993285,73.07692307692308,13.461538461538462,5.0,1.6153846153846154
I65_C20,combined_joint,d02_r01,13,2,5131.128826,394.7022173846154,13,298.00990979199315,75.0,13.692307692307692,5.0,3.0
I65_C20,combined_joint,d03_r01,13,3,5345.713453,411.20872715384616,13,304.5164194736278,85.38461538461539,15.615384615384615,5.0,0.6923076923076923
I65_C20,combined_joint,d04_r01,13,4,5173.247929,397.9421483846154,13,298.78830217985245,77.6923076923077,14.384615384615385,5.0,2.076923076923077
I65_C20,combined_joint,d05_r01,13,5,5028.57178,386.8132138461539,13,292.8901373111708,75.0,13.461538461538462,5.0,0.46153846153846156
I65_C20,combined_joint,d06_r01,13,6,5334.417305,410.3397926923077,13,306.6474851401938,82.3076923076923,15.23076923076923,5.0,1.1538461538461537
I65_C20,combined_joint,d07_r01,13,7,5529.381307,425.33702361538457,13,313.7216391480663,89.61538461538461,16.53846153846154,5.0,0.46153846153846156
I65_C20,combined_joint,d09_r01,13,9,5742.036059,441.69508146153845,13,320.77200473004353,97.3076923076923,18.153846153846153,5.0,0.46153846153846156
I65_C20,combined_joint,d08_r01,13,8,5112.27078,393.25159846153844,13,287.0977524438837,84.61538461538461,15.384615384615385,5.0,1.1538461538461537
I65_C20,combined_joint,d10_r01,13,10,5461.223221,420.0940939230769,13,316.6325552637719,82.3076923076923,15.23076923076923,5.0,0.9230769230769231
I65_C20,combined_joint,d11_r01,13,11,5578.280641,429.0985108461539,13,302.2523569947242,101.53846153846153,19.153846153846153,5.0,1.1538461538461537
I65_C20,combined_joint,d13_r01,13,13,5847.057434,449.7736487692308,13,311.235187001396,111.92307692307692,20.692307692307693,5.0,0.9230769230769231
I65_C20,combined_joint,d12_r01,13,12,5467.532702,420.5794386153847,13,304.2717461470855,92.3076923076923,16.923076923076923,5.0,2.076923076923077
I65_C20,combined_joint,d01_r02,13,1,5207.771641,400.5978185384616,13,301.05935713696584,79.23076923076923,14.384615384615385,5.0,0.9230769230769231
I65_C20,combined_joint,d02_r02,13,2,4944.475953,380.3443040769231,13,291.95968880918,69.61538461538461,12.615384615384615,5.0,1.1538461538461537
I65_C20,combined_joint,d04_r02,13,4,5109.507481,393.03903699999995,13,302.5005754919012,71.15384615384616,13.0,5.0,1.3846153846153846
I65_C20,combined_joint,d03_r02,13,3,4992.006139,384.0004722307692,13,296.76970323506936,68.84615384615384,12.23076923076923,5.0,1.1538461538461537
I65_C20,combined_joint,d05_r02,13,5,5441.627007,418.5866928461538,13,296.2790006566581,97.3076923076923,18.384615384615383,5.0,1.6153846153846154
I65_C20,combined_joint,d06_r02,13,6,5229.968673,402.30528253846154,13,307.9975903246824,74.23076923076923,13.461538461538462,5.0,1.6153846153846154
I65_C20,combined_joint,d07_r02,13,7,5376.475215,413.57501653846157,13,300.0365550295873,90.76923076923077,16.846153846153847,5.0,0.9230769230769231
I65_C20,combined_joint,d08_r02,13,8,5293.600011,407.2000008461539,13,286.8153853753165,95.76923076923077,18.0,5.0,1.6153846153846154
I65_C20,combined_joint,d09_r02,13,9,5516.779682,424.3676678461539,13,313.7522832253818,88.84615384615384,16.307692307692307,5.0,0.46153846153846156
I65_C20,combined_joint,d10_r02,13,10,5730.659016,440.8199243076923,13,324.43530860434845,93.84615384615384,17.076923076923077,5.0,0.46153846153846156
I65_C20,combined_joint,d11_r02,13,11,5528.572852,425.2748347692308,13,308.2748347072878,93.07692307692308,17.307692307692307,5.0,1.6153846153846154
I65_C20,combined_joint,d13_r02,13,13,5198.673647,399.89797284615383,13,294.28258821630703,84.23076923076923,15.461538461538462,5.0,0.9230769230769231
I65_C20,combined_joint,d01_r03,13,1,5160.072885,396.9286834615384,13,301.6979143223229,75.38461538461539,13.692307692307692,5.0,1.1538461538461537
I65_C20,combined_joint,d12_r02,13,12,5783.846589,444.91127607692306,13,328.3728145715825,94.23076923076923,17.076923076923077,5.0,0.23076923076923078
I65_C20,combined_joint,d02_r03,13,2,5082.430055,390.9561580769231,13,283.11000413940525,86.15384615384616,16.0,5.0,0.6923076923076923
I65_C20,combined_joint,d05_r03,13,5,5105.990201,392.76847699999996,13,295.8454000653206,77.6923076923077,14.23076923076923,5.0,0.0
I65_C20,combined_joint,d04_r03,13,4,4884.711673,375.7470517692308,13,279.2085902809624,76.53846153846153,13.846153846153847,5.0,1.1538461538461537
I65_C20,combined_joint,d03_r03,13,3,5331.929212,410.1484009230769,13,307.4560929905242,82.3076923076923,15.153846153846153,5.0,0.23076923076923078
I65_C20,combined_joint,d06_r03,13,6,5246.96362,403.61258615384617,13,307.997201497271,75.38461538461539,13.846153846153847,5.0,1.3846153846153846
I65_C20,combined_joint,d07_r03,13,7,4972.032942,382.4640724615384,13,285.0794570957939,78.07692307692308,14.307692307692308,5.0,0.0
I65_C20,combined_joint,d08_r03,13,8,5309.086537,408.3912720769231,13,304.6220412530983,82.3076923076923,15.307692307692308,5.0,1.1538461538461537
I65_C20,combined_joint,d09_r03,13,9,5281.5758,406.2750615384615,13,299.7366000146909,85.0,15.615384615384615,5.0,0.9230769230769231
I65_C20,combined_joint,d10_r03,13,10,5851.047017,450.08053976923077,13,323.15746307162954,101.15384615384616,18.692307692307693,5.0,2.076923076923077
I65_C20,combined_joint,d11_r03,13,11,5396.641948,415.1263036923077,13,302.5878422212514,90.0,16.615384615384617,5.0,0.9230769230769231
I65_C20,combined_joint,d12_r03,13,12,5482.170545,421.70542653846155,13,305.70542646346837,93.46153846153847,17.307692307692307,5.0,0.23076923076923078
I65_C20,combined_joint,d13_r03,13,13,5231.08571,402.3912084615385,13,292.69890077046546,86.53846153846153,16.076923076923077,5.0,2.076923076923077
I65_C20,combined_joint,d01_r04,13,1,5086.168539,391.2437337692308,13,295.7052723101026,76.15384615384616,13.692307692307692,5.0,0.6923076923076923
I65_C20,combined_joint,d02_r04,13,2,5206.311663,400.4855125384616,13,282.02397405155796,93.84615384615384,17.53846153846154,5.0,2.076923076923077
I65_C20,combined_joint,d03_r04,13,3,5094.873609,391.91335453846153,13,291.5287389160816,79.23076923076923,14.538461538461538,5.0,1.6153846153846154
I65_C20,combined_joint,d04_r04,13,4,4954.308106,381.10062353846155,13,295.0237004500113,67.6923076923077,12.23076923076923,5.0,1.1538461538461537
I65_C20,combined_joint,d05_r04,13,5,5339.9973,410.7690230769231,13,296.2305614428212,90.0,16.76923076923077,5.0,2.769230769230769
I65_C20,combined_joint,d07_r04,13,7,5435.789189,418.13762992307693,13,307.753014321767,87.6923076923077,16.307692307692307,5.0,1.3846153846153846
I65_C20,combined_joint,d06_r04,13,6,5583.094604,429.46881569230766,13,320.6226618402886,85.76923076923077,15.538461538461538,5.0,2.5384615384615383
I65_C20,combined_joint,d08_r04,13,8,5709.563851,439.1972193076923,13,318.1972194348881,97.6923076923077,17.846153846153847,5.0,0.46153846153846156
I65_C20,combined_joint,d09_r04,13,9,5063.740357,389.518489,13,293.8261811723544,75.76923076923077,13.76923076923077,5.0,1.1538461538461537
I65_C20,combined_joint,d10_r04,13,10,5568.284807,428.32960053846153,13,321.6372929855906,84.61538461538461,15.461538461538462,5.0,1.6153846153846154
I65_C20,combined_joint,d11_r04,13,11,5192.878264,399.45217415384616,13,294.14448212192525,84.23076923076923,15.384615384615385,5.0,0.6923076923076923
I65_C20,combined_joint,d12_r04,13,12,5270.618861,405.43222007692304,13,297.8168353928692,85.38461538461539,15.846153846153847,5.0,1.3846153846153846
I65_C20,combined_joint,d13_r04,13,13,5601.788231,430.906787,13,325.2144794670126,84.23076923076923,15.538461538461538,5.0,0.9230769230769231
I65_21grid,full_grid21,d02_r00,13,2,5130.890393,394.68387638461536,13,296.6838764315042,76.92307692307692,14.23076923076923,5.0,1.8461538461538463
I65_21grid,full_grid21,d01_r00,13,1,5174.427773,398.03290561538466,13,295.8790595417931,80.38461538461539,14.923076923076923,5.0,1.8461538461538463
I65_21grid,full_grid21,d04_r00,13,4,5391.813297,414.754869,13,300.6010227152023,91.15384615384616,17.076923076923077,5.0,0.9230769230769231
I65_21grid,full_grid21,d03_r00,13,3,5163.908948,397.22376523076923,13,297.3776114917819,79.23076923076923,14.692307692307692,5.0,0.9230769230769231
I65_21grid,full_grid21,d05_r00,13,5,5210.955387,400.84272207692305,13,304.4581066582837,75.76923076923077,14.0,5.0,1.6153846153846154
I65_21grid,full_grid21,d06_r00,13,6,5538.747571,426.0575054615384,13,321.211351673753,82.3076923076923,15.461538461538462,5.0,2.076923076923077
I65_21grid,full_grid21,d08_r00,13,8,5537.035871,425.9258362307692,13,318.77198994396264,84.23076923076923,15.846153846153847,5.0,2.076923076923077
I65_21grid,full_grid21,d07_r00,13,7,5288.397989,406.7998453076923,13,305.3383066849105,79.61538461538461,14.76923076923077,5.0,2.076923076923077
I65_21grid,full_grid21,d09_r00,13,9,5396.493068,415.11485138461535,13,303.9610052406743,87.3076923076923,16.53846153846154,5.0,2.3076923076923075
I65_21grid,full_grid21,d10_r00,13,10,5877.312862,452.1009893846154,13,337.947143076208,90.38461538461539,17.153846153846153,5.0,1.6153846153846154
I65_21grid,full_grid21,d12_r00,13,12,5449.287156,419.1759350769231,13,312.2528581826219,85.38461538461539,16.076923076923077,5.0,0.46153846153846156
I65_21grid,full_grid21,d11_r00,13,11,5391.288702,414.7145155384615,13,304.022207812129,88.84615384615384,16.846153846153847,5.0,0.0
I65_21grid,full_grid21,d13_r00,13,13,5802.477456,446.34441969230767,13,318.6521120628603,101.92307692307692,19.384615384615383,5.0,1.3846153846153846
I65_21grid,full_grid21,d01_r01,13,1,5275.461799,405.80475376923073,13,308.80475372646004,76.92307692307692,14.153846153846153,5.0,0.9230769230769231
I65_21grid,full_grid21,d03_r01,13,3,5733.736385,441.056645,13,315.59510649128777,101.15384615384616,18.846153846153847,5.0,0.46153846153846156
I65_21grid,full_grid21,d02_r01,13,2,5267.970283,405.2284833076923,13,306.45925263783107,76.53846153846153,14.23076923076923,5.0,3.0
I65_21grid,full_grid21,d04_r01,13,4,5121.97748,393.99826769230765,13,294.76749863914733,77.6923076923077,14.461538461538462,5.0,2.076923076923077
I65_21grid,full_grid21,d05_r01,13,5,5127.396723,394.41513253846153,13,297.3382094922337,77.6923076923077,14.384615384615385,5.0,0.0
I65_21grid,full_grid21,d06_r01,13,6,5404.676862,415.744374,13,309.59052744465413,83.84615384615384,15.692307692307692,5.0,1.6153846153846154
I65_21grid,full_grid21,d07_r01,13,7,5207.531881,400.57937546153846,13,298.8101446809254,80.38461538461539,15.0,5.0,1.3846153846153846
I65_21grid,full_grid21,d08_r01,13,8,5258.66436,404.51264307692304,13,300.51264326850736,82.6923076923077,15.384615384615385,5.0,0.9230769230769231
I65_21grid,full_grid21,d09_r01,13,9,5620.243399,432.3264153076923,13,308.7110308700311,97.6923076923077,18.846153846153847,5.0,2.076923076923077
I65_21grid,full_grid21,d11_r01,13,11,5667.40574,435.95428769230773,13,312.26198011785266,98.84615384615384,18.923076923076923,5.0,0.9230769230769231
I65_21grid,full_grid21,d10_r01,13,10,5549.674885,426.8980680769231,13,322.51345250558734,82.6923076923077,15.538461538461538,5.0,1.1538461538461537
I65_21grid,full_grid21,d13_r01,13,13,5641.297184,433.94593723076923,13,316.33055263971465,93.46153846153847,17.53846153846154,5.0,1.6153846153846154
I65_21grid,full_grid21,d12_r01,13,12,5623.858546,432.6045035384616,13,319.6814266917169,89.23076923076923,16.846153846153847,5.0,1.8461538461538463
I65_21grid,full_grid21,d01_r02,13,1,5153.278849,396.4060653076923,13,296.8676037688757,79.61538461538461,14.692307692307692,5.0,0.23076923076923078
I65_21grid,full_grid21,d02_r02,13,2,5057.59377,389.04567461538466,13,296.89182864532177,72.6923076923077,13.307692307692308,5.0,1.1538461538461537
I65_21grid,full_grid21,d03_r02,13,3,5217.657923,401.35830176923076,13,307.1275326830865,74.61538461538461,13.692307692307692,5.0,0.9230769230769231
I65_21grid,full_grid21,d04_r02,13,4,5424.547278,417.2728675384615,13,315.3497903555898,80.38461538461539,14.923076923076923,5.0,1.6153846153846154
I65_21grid,full_grid21,d05_r02,13,5,5301.713796,407.82413815384615,13,301.13183060769325,85.38461538461539,16.076923076923077,5.0,0.23076923076923078
I65_21grid,full_grid21,d06_r02,13,6,5306.568074,408.19754415384614,13,314.4283133500182,73.84615384615384,13.538461538461538,5.0,1.3846153846153846
I65_21grid,full_grid21,d07_r02,13,7,5451.712265,419.3624819230769,13,301.7470971684239,93.46153846153847,17.76923076923077,5.0,1.3846153846153846
I65_21grid,full_grid21,d08_r02,13,8,5309.103755,408.39259653846153,13,295.4695196442127,88.84615384615384,17.0,5.0,2.076923076923077
I65_21grid,full_grid21,d09_r02,13,9,5726.412071,440.4932362307692,13,327.9547748685482,89.61538461538461,17.0,5.0,0.9230769230769231
I65_21grid,full_grid21,d10_r02,13,10,5563.849095,427.9883919230769,13,311.29608438777336,92.6923076923077,17.615384615384617,5.0,1.3846153846153846
I65_21grid,full_grid21,d11_r02,13,11,5487.634715,422.12574730769234,13,307.1257473995992,91.92307692307692,17.384615384615383,5.0,0.6923076923076923
I65_21grid,full_grid21,d12_r02,13,12,5493.714792,422.59344553846154,13,318.3626765002042,82.3076923076923,15.538461538461538,5.0,1.3846153846153846
I65_21grid,full_grid21,d13_r02,13,13,5541.99281,426.3071392307692,13,304.15329326605195,97.3076923076923,18.692307692307693,5.0,1.1538461538461537
I65_21grid,full_grid21,d01_r03,13,1,5242.796183,403.2920140769231,13,299.75355258692537,81.92307692307692,15.23076923076923,5.0,1.3846153846153846
I65_21grid,full_grid21,d02_r03,13,2,5089.131014,391.4716164615384,13,291.93315488066025,78.84615384615384,14.76923076923077,5.0,0.9230769230769231
I65_21grid,full_grid21,d03_r03,13,3,5476.735394,421.28733800000003,13,312.21041508243337,86.92307692307692,16.23076923076923,5.0,0.9230769230769231
I65_21grid,full_grid21,d04_r03,13,4,5133.608852,394.89298861538464,13,290.66221958340947,82.6923076923077,15.384615384615385,5.0,1.1538461538461537
I65_21grid,full_grid21,d05_r03,13,5,5192.175433,399.39811023076925,13,297.85964865555064,80.76923076923077,15.076923076923077,5.0,0.6923076923076923
I65_21grid,full_grid21,d06_r03,13,6,5188.036417,399.0797243846154,13,306.23357078728196,72.3076923076923,13.23076923076923,5.0,2.3076923076923075
I65_21grid,full_grid21,d07_r03,13,7,5173.650724,397.9731326153846,13,291.5115940090742,85.0,16.0,5.0,0.46153846153846156
I65_21grid,full_grid21,d08_r03,13,8,5472.686556,420.9758889230769,13,310.5912735743613,87.6923076923077,16.53846153846154,5.0,1.1538461538461537
I65_21grid,full_grid21,d09_r03,13,9,5679.672611,436.89789315384616,13,315.1286625158678,96.53846153846153,18.384615384615383,5.0,1.8461538461538463
I65_21grid,full_grid21,d10_r03,13,10,6145.931947,472.76399592307695,13,339.91784212342594,106.92307692307692,20.23076923076923,5.0,0.6923076923076923
I65_21grid,full_grid21,d11_r03,13,11,5305.307422,408.10057092307693,13,292.94672477711515,91.53846153846153,17.46153846153846,5.0,1.1538461538461537
I65_21grid,full_grid21,d12_r03,13,12,5536.89134,425.9147184615385,13,310.76087223620635,91.92307692307692,17.307692307692307,5.0,0.9230769230769231
I65_21grid,full_grid21,d13_r03,13,13,5464.041062,420.31085092307694,13,306.54162002910107,90.0,16.923076923076923,5.0,1.8461538461538463
I65_21grid,full_grid21,d01_r04,13,1,5231.127542,402.3944263076923,13,304.0867340309644,78.07692307692308,14.307692307692308,5.0,0.9230769230769231
I65_21grid,full_grid21,d02_r04,13,2,5311.313889,408.56260684615387,13,294.9472223058707,90.76923076923077,17.153846153846153,5.0,0.6923076923076923
I65_21grid,full_grid21,d03_r04,13,3,5167.252436,397.48095661538457,13,297.6348024899738,77.6923076923077,14.615384615384615,5.0,2.5384615384615383
I65_21grid,full_grid21,d05_r04,13,5,5657.223578,435.1710444615385,13,330.6325829447318,82.6923076923077,15.461538461538462,5.0,1.3846153846153846
I65_21grid,full_grid21,d04_r04,13,4,5203.6698,400.2822923076923,13,310.12844609446495,71.53846153846153,12.923076923076923,5.0,0.6923076923076923
I65_21grid,full_grid21,d07_r04,13,7,5357.794214,412.1380164615384,13,296.13801640512924,92.3076923076923,17.53846153846154,5.0,1.1538461538461537
I65_21grid,full_grid21,d06_r04,13,6,5065.001665,389.6155126923077,13,293.0001281748172,76.15384615384616,14.076923076923077,5.0,1.3846153846153846
I65_21grid,full_grid21,d08_r04,13,8,6078.970736,467.61313353846157,13,336.45928758614366,105.38461538461539,20.076923076923077,5.0,0.6923076923076923
I65_21grid,full_grid21,d09_r04,13,9,5132.782061,394.8293893076923,13,303.1370815632527,73.07692307692308,13.384615384615385,5.0,0.23076923076923078
I65_21grid,full_grid21,d10_r04,13,10,5378.263369,413.7125668461539,13,305.32795154194275,85.0,16.076923076923077,5.0,2.3076923076923075
I65_21grid,full_grid21,d11_r04,13,11,5561.034806,427.77190815384614,13,314.38729280569726,90.0,17.0,5.0,1.3846153846153846
I65_21grid,full_grid21,d13_r04,13,13,5494.815652,422.6781270769231,13,311.13966547538524,88.84615384615384,16.76923076923077,5.0,0.9230769230769231
I65_21grid,full_grid21,d12_r04,13,12,5450.779203,419.2907079230769,13,315.21378499741706,81.92307692307692,15.076923076923077,5.0,2.076923076923077
